"sep=,"
"received_message","pattern_matching","reply_message","multiple_replies","multiple_reply_delay","multiple_reply_delay_max","recipients","contacts","ignored_contacts","reply_delay","reply_delay_max","specific_times","monday","tuesday","wednesday","thursday","friday","saturday","sunday","pause_type","pause_value","disabled","subrule_of","go_to_rule","req_screen_off","req_charging","req_silent","req_do_not_disturb","req_car_mode","prev_rule_timeout","priority_alert","probability","package_names"
"thanks to yang ada di menu jangan dihapus!!!","none","Buat wm:v Â© Its Tamz","single","","","c","","","","","0","","","","","","","","seconds","0","1","","",,,,,,,,,
"!menu, !?, !m","none","[WAIT] Sedang Menampilkan Menu... Harap Sabar Bor â³<#>â— DEVELOPER INFO\n    â» Name: Tama :v\n    â» Nomor: wa.me/6282211224927\n    â» Instagram: https://www.instagram.com/mstm.music\n\nâ— BOT INFO\n    â» Name: XSKYZY BOT\n    â» Nomor: wa.me/6285759022133\n    â» Prefix: !\n    â» Type: AutoResponder\n    â» Total Command: 52 Command\n    â» Bot on sejak %minute% menit yang lalu\n    â» Total User: 5180 User Detected\n\nâ°Jam - %hour_of_day% : %minute% : 04 %am/pm% WIB \nğŸ“†Tanggal - %day_of_week%, %day_of_month% %month_name% %year%\n\n*Dapatkan CSV bot ini hanya dengan donasi Sebesar 15k!!! Minat? Ketik !donasi*\n\n*THIS IS FUN BOT!!!*\n*DELAY?? WAIT 5 SECOND FOR RESPONS*\n\nâ” â” â” â” â” MAIN â” â” â” â” â” \nâ”£ â£ !menu\nâ”£ â£ !?\nâ”£ â£ !m\nâ”— â” â” â” â” â” â” â” â” â” â” â” â” \n\nâ” â” â” â” BASIC â” â” â”\nâ”£ â£ !iklan\nâ”£ â£ !s&k\nâ”£ â£ !join [Link Grup]\nâ”£ â£ !owner\nâ”£ â£ !listblock\nâ”£ â£ !listbanned\nâ”£ â£ !donasi\nâ”£ â£ !infobot\nâ”£ â£ !listnobadword\nâ”— â” â” â” â” â” â” â” â” â” â” â” â” \n\nâ” â” â” â” â” GRUP â” â” â” â” â” \nâ”£ â£ !add 628xxx\nâ”£ â£ !kick @user\nâ”£ â£ !antilink On/off\nâ”£ â£ !nobadword On/Off\nâ”£ â£ !afk\nâ”£ â£ !intro\nâ”— â” â” â” â” â” â” â” â” â” â” â” â” \n\nâ” â” â” â” FUN MENU â” â” â”\nâ”£ â£ !tebakangka [0-9]\nâ”£ â£ !suit [Batu/Gunting/Kertas\nâ”£ â£ !koin [Uang/Gambar]\nâ”£ â£ !kalkulatorcinta [kamu|pasangan]\nâ”— â” â” â” â” â” â” â” â” â” â” â” \n\nâ” â” â” â” â” QUOTES â” â” â” â” â” \nâ”£ â£ !pantun\nâ”£ â£ !bucin\nâ”£ â£ !motivasi\nâ”— â” â” â” â” â” â” â” â” â” â” â” â” \n\nâ” â” â” â” â” SKOR â” â” â” â” â” \nâ”£ â£ !cekskor\nâ”£ â£ !malingskor [Tag Temanmu]\nâ”£ â£ !giftskor [Tag] [10-100]\nâ”— â” â” â” â” â” â” â” â” â” â” â” â” \n\nâ” â” â” â” KERANG â” â” â” \nâ”£ â£ !jamberapa\nâ”£ â£ !bulanberapa\nâ”£ â£ !hariapa\nâ”£ â£ !kapan [Teks]\nâ”£ â£ !apakah [Teks]\nâ”£ â£ !bisakah [Teks] \nâ”— â” â” â” â” â” â” â” â” â” â” â” â” \n\nâ” â” â” â” â” ISLAMI â” â” â” â” â” \nâ”£ â£ !halalgeng\nâ”£ â£ !ayatquran\nâ”— â” â” â” â” â” â” â” â” â” â” â” â” \n\nâ” â” â” â” â” APP MOD â” â” â” â” â” \nâ”£ â£ !spotifymod\nâ”£ â£ !inshotmod\nâ”£ â£ !jooxmod\nâ”£ â£ !picsartmod\nâ”£ â£ !unfoldmod\nâ”£ â£ !vscomod\nâ”£ â£ !kinemastermod\nâ”£ â£ !whatsappmod\nâ”£ â£ !ressomod\nâ”£ â£ !tiktokmod\nâ”£ â£ !mojitomod\nâ”£ â£ !pixellabmod\nâ”£ â£ !picsaymod\nâ”£ â£ !flstudiomod [Apk Only]\nâ”£ â£ !flstudiomod2 [Apk+Obb]\nâ”£ â£ !happymod\nâ”— â” â” â” â” â” â” â” â” â” â” â” â” â” â”\n\nâ” â” â” â” â” EDUKASI â” â” â” â” â” \nâ”£ â£ !mitos\nâ”£ â£ !fakta\nâ”£ â£ !apa itu zarah\nâ”£ â£ !apa itu termux\nâ”£ â£ !apa itu teknologi\nâ”£ â£ !negara terkaya\nâ”£ â£ !negara termiskin\nâ”£ â£ !negara terpadat\nâ”£ â£ !negara terkecil\nâ”£ â£ !negara terbesar\nâ”— â” â” â” â” â” â” â” â” â” â” â” â” â” \n\n```NELPON AUTO BLOK```\n```SPAM AUTO BANNED```\n\nâ—‡ THANKS TO â—‡\nâ€¢ Its Tamz\nâ€¢ Zeroz04n\n\nÂ© XSKYZY BOT BY TAMA","all","2","2","g","","","","","0","","","","","","","","seconds","0","0","","",,,,,,,,,
"!iklan","none","*Dapatkan Csv bot ini hanya dengan donasi sebesar 15k free invite bot ke grup klean*","single","","","b","","","","","0","","","","","","","","seconds","0","0","","",,,,,,,,,
"!s&k","none","Gunakan bot dengan bijak, jangan spam atau telpon. Prefix bot pake Tanda !\n\nJika bot delay kasih jeda minimal 5 detik.\n\nGausah bandingin bot ini sama bot lain. Bot gak berguna? *GAUSAH DIPAKE!!!*","single","","","b","","","","","0","","","","","","","","seconds","0","0","","",,,,,,,,,
"!join*","normal","Masukkan bot ke grup silahkan hubungi owner dengan cara ketik !owner","single","","","b","","","","","0","","","","","","","","seconds","0","0","","",,,,,,,,,
"!owner","none","Mau apa bang ketik !owner?? Make iya donasi kaga<#>Ini no. Owner gw. Jangan spam ya sayang :v\nwa.me/6282211224927?text=bang+donasi","all","2","2","b","","","","","0","","","","","","","","seconds","0","0","","",,,,,,,,,
"!listblock","none","*3 Nomer telah diblokir karena melanggar Ketentuan bot!!!*\n\n- +6289363549266\n- +6289374518367\n- +6282233118656","single","","","b","","","","","0","","","","","","","","seconds","0","0","","",,,,,,,,,
"!listbanned","none","Tidak ada nomor yang dibanned pada saat ini. Jangan spam atau nomor kamu akan ada di list banned","single","","","b","","","","","0","","","","","","","","seconds","0","0","","",,,,,,,,,
"!tebakangka 0","none","Result...\n\nJawabanmu: 0\nJawaban bot: 9\n\nJawabanmu tidak sama dengan bot<#>Result...\n\nJawabanmu: 0\nJawaban bot: 8\n\nJawabanmu tidak sama dengan bot<#>Result...\n\nJawabanmu: 0\nJawaban bot: 7\n\nJawabanmu tidak sama dengan bot<#>Result...\n\nJawabanmu: 0\nJawaban bot: 6\n\nJawabanmu tidak sama dengan bot<#>Result...\n\nJawabanmu: 0\nJawaban bot: 5\n\nJawabanmu tidak sama dengan bot<#>Result...\n\nJawabanmu: 0\nJawaban bot: 4\n\nJawabanmu tidak sama dengan bot<#>Result...\n\nJawabanmu: 0\nJawaban bot: 3\n\nJawabanmu tidak sama dengan bot<#>Result...\n\nJawabanmu: 0\nJawaban bot: 2\n\nJawabanmu tidak sama dengan bot<#>Result...\n\nJawabanmu: 0\nJawaban bot: 1\n\nJawabanmu tidak sama dengan bot<#>Result...\n\nJawabanmu: 0\nJawaban bot: 0\n\nCongrats!!! Jawabanmu sama dengan bot dan mendapat skor 10","random","","","b","","","","","0","","","","","","","","seconds","0","0","","",,,,,,,,,
"!tebakangka 1","none","Result...\n\nJawabanmu: 1\nJawaban bot: 0\n\nJawabanmu tidak sama dengan bot<#>Result...\n\nJawabanmu: 1\nJawaban bot: 1\n\nCongrats!!! Jawabanmu sama dengan bot dan mendapat skor 10<#>Result...\n\nJawabanmu: 1\nJawaban bot: 2\n\nJawabanmu tidak sama dengan bot<#>Result...\n\nJawabanmu: 1\nJawaban bot: 3\n\nJawabanmu tidak sama dengan bot<#>Result...\n\nJawabanmu: 1\nJawaban bot: 4\n\nJawabanmu tidak sama dengan bot<#>Result...\n\nJawabanmu: 1\nJawaban bot: 5\n\nJawabanmu tidak sama dengan bot<#>Result...\n\nJawabanmu: 1\nJawaban bot: 6\n\nJawabanmu tidak sama dengan bot<#>Result...\n\nJawabanmu: 1\nJawaban bot: 7\n\nJawabanmu tidak sama dengan bot<#>Result...\n\nJawabanmu: 1\nJawaban bot: 8\n\nJawabanmu tidak sama dengan bot<#>Result...\n\nJawabanmu: 1\nJawaban bot: 9\n\nJawabanmu tidak sama dengan bot","random","","","b","","","","","0","","","","","","","","seconds","0","0","","",,,,,,,,,
"!tebakangka 2","none","Result...\n\nJawabanmu: 2\nJawaban bot: 0\n\nJawabanmu tidak sama dengan bot<#>Result...\n\nJawabanmu: 2\nJawaban bot: 1\n\nJawabanmu tidak sama dengan bot<#>Result...\n\nJawabanmu: 2\nJawaban bot: 2\n\nCongrats!!! Jawabanmu sama dengan bot dan mendapat skor 10<#>Result...\n\nJawabanmu: 2\nJawaban bot: 3\n\nJawabanmu tidak sama dengan bot<#>Result...\n\nJawabanmu: 2\nJawaban bot: 4\n\nJawabanmu tidak sama dengan bot<#>Result...\n\nJawabanmu: 2\nJawaban bot: 5\n\nJawabanmu tidak sama dengan bot<#>Result...\n\nJawabanmu: 2\nJawaban bot: 6\n\nJawabanmu tidak sama dengan bot<#>Result...\n\nJawabanmu: 2\nJawaban bot: 7\n\nJawabanmu tidak sama dengan bot<#>Result...\n\nJawabanmu: 2\nJawaban bot: 8\n\nJawabanmu tidak sama dengan bot<#>Result...\n\nJawabanmu: 2\nJawaban bot: 9\n\nJawabanmu tidak sama dengan bot","random","","","b","","","","","0","","","","","","","","seconds","0","0","","",,,,,,,,,
"!tebakangka 3","none","Result...\n\nJawabanmu: 3\nJawaban bot: 0\n\nJawabanmu tidak sama dengan bot<#>Result...\n\nJawabanmu: 3\nJawaban bot: 1\n\nJawabanmu tidak sama dengan bot<#>Result...\n\nJawabanmu: 3\nJawaban bot: 2\n\nJawabanmu tidak sama dengan bot<#>Result...\n\nJawabanmu: 3\nJawaban bot: 3\n\nCongrats!!! Jawabanmu sama dengan bot dan mendapat skor 10<#>Result...\n\nJawabanmu: 3\nJawaban bot: 4\n\nJawabanmu tidak sama dengan bot<#>Result...\n\nJawabanmu: 3\nJawaban bot: 5\n\nJawabanmu tidak sama dengan bot<#>Result...\n\nJawabanmu: 3\nJawaban bot: 6\n\nJawabanmu tidak sama dengan bot<#>Result...\n\nJawabanmu: 3\nJawaban bot: 7\n\nJawabanmu tidak sama dengan bot<#>Result...\n\nJawabanmu: 3\nJawaban bot: 8\n\nJawabanmu tidak sama dengan bot<#>Result...\n\nJawabanmu: 3\nJawaban bot: 9\n\nJawabanmu tidak sama dengan bot","random","","","b","","","","","0","","","","","","","","seconds","0","0","","",,,,,,,,,
"!tebakangka 4","none","Result...\n\nJawabanmu: 4\nJawaban bot: 0\n\nJawabanmu tidak sama dengan bot<#>Result...\n\nJawabanmu: 4\nJawaban bot: 1\n\nJawabanmu tidak sama dengan bot<#>Result...\n\nJawabanmu: 4\nJawaban bot: 2\n\nJawabanmu tidak sama dengan bot<#>Result...\n\nJawabanmu: 4\nJawaban bot: 3\n\nJawabanmu tidak sama dengan bot<#>Result...\n\nJawabanmu: 4\nJawaban bot: 4\n\nCongrats!!! Jawabanmu sama dengan bot dan mendapat skor 10<#>Result...\n\nJawabanmu: 4\nJawaban bot: 5\n\nJawabanmu tidak sama dengan bot<#>Result...\n\nJawabanmu: 4\nJawaban bot: 6\n\nJawabanmu tidak sama dengan bot<#>Result...\n\nJawabanmu: 4\nJawaban bot: 7\n\nJawabanmu tidak sama dengan bot<#>Result...\n\nJawabanmu: 4\nJawaban bot: 8\n\nJawabanmu tidak sama dengan bot<#>Result...\n\nJawabanmu: 4\nJawaban bot: 9\n\nJawabanmu tidak sama dengan bot","random","","","b","","","","","0","","","","","","","","seconds","0","0","","",,,,,,,,,
"!tebakangka 5","none","Result...\n\nJawabanmu: 5\nJawaban bot: 0\n\nJawabanmu tidak sama dengan bot<#>Result...\n\nJawabanmu: 5\nJawaban bot: 1\n\nJawabanmu tidak sama dengan bot<#>Result...\n\nJawabanmu: 5\nJawaban bot: 2\n\nJawabanmu tidak sama dengan bot<#>Result...\n\nJawabanmu: 5\nJawaban bot: 3\n\nJawabanmu tidak sama dengan bot<#>Result...\n\nJawabanmu: 5\nJawaban bot: 4\n\nJawabanmu tidak sama dengan bot<#>Result...\n\nJawabanmu: 5\nJawaban bot: 5\n\nCongrats!!! Jawabanmu sama dengan bot dan mendapat skor 10<#>Result...\n\nJawabanmu: 5\nJawaban bot: 6\n\nJawabanmu tidak sama dengan bot<#>Result...\n\nJawabanmu: 5\nJawaban bot: 7\n\nJawabanmu tidak sama dengan bot<#>Result...\n\nJawabanmu: 5\nJawaban bot: 8\n\nJawabanmu tidak sama dengan bot<#>Result...\n\nJawabanmu: 5\nJawaban bot: 9\n\nJawabanmu tidak sama dengan bot","random","","","b","","","","","0","","","","","","","","seconds","0","0","","",,,,,,,,,
"!tebakangka 6","none","Result...\n\nJawabanmu: 6\nJawaban bot: 0\n\nJawabanmu tidak sama dengan bot<#>Result...\n\nJawabanmu: 6\nJawaban bot: 1\n\nJawabanmu tidak sama dengan bot<#>Result...\n\nJawabanmu: 6\nJawaban bot: 2\n\nJawabanmu tidak sama dengan bot<#>Result...\n\nJawabanmu: 6\nJawaban bot: 3\n\nJawabanmu tidak sama dengan bot<#>Result...\n\nJawabanmu: 6\nJawaban bot: 4\n\nJawabanmu tidak sama dengan bot<#>Result...\n\nJawabanmu: 6\nJawaban bot: 5\n\nJawabanmu tidak sama dengan bot<#>Result...\n\nJawabanmu: 6\nJawaban bot: 6\n\nCongrats!!! Jawabanmu sama dengan bot dan mendapat skor 10<#>Result...\n\nJawabanmu: 6\nJawaban bot: 7\n\nJawabanmu tidak sama dengan bot<#>Result...\n\nJawabanmu: 6\nJawaban bot: 8\n\nJawabanmu tidak sama dengan bot<#>Result...\n\nJawabanmu: 6\nJawaban bot: 9\n\nJawabanmu tidak sama dengan bot","random","","","b","","","","","0","","","","","","","","seconds","0","0","","",,,,,,,,,
"!tebakangka 7","none","Result...\n\nJawabanmu: 7\nJawaban bot: 0\n\nJawabanmu tidak sama dengan bot<#>Result...\n\nJawabanmu: 7\nJawaban bot: 1\n\nJawabanmu tidak sama dengan bot<#>Result...\n\nJawabanmu: 7\nJawaban bot: 2\n\nJawabanmu tidak sama dengan bot<#>Result...\n\nJawabanmu: 7\nJawaban bot: 3\n\nJawabanmu tidak sama dengan bot<#>Result...\n\nJawabanmu: 7\nJawaban bot: 4\n\nJawabanmu tidak sama dengan bot<#>Result...\n\nJawabanmu: 7\nJawaban bot: 5\n\nJawabanmu tidak sama dengan bot<#>Result...\n\nJawabanmu: 7\nJawaban bot: 6\n\nJawabanmu tidak sama dengan bot<#>Result...\n\nJawabanmu: 7\nJawaban bot: 7\n\nCongrats!!! Jawabanmu sama dengan bot dan mendapat skor 10<#>Result...\n\nJawabanmu: 7\nJawaban bot: 8\n\nJawabanmu tidak sama dengan bot<#>Result...\n\nJawabanmu: 7\nJawaban bot: 9\n\nJawabanmu tidak sama dengan bot","random","","","b","","","","","0","","","","","","","","seconds","0","0","","",,,,,,,,,
"!tebakangka 8","none","Result...\n\nJawabanmu: 8\nJawaban bot: 0\n\nJawabanmu tidak sama dengan bot<#>Result...\n\nJawabanmu: 8\nJawaban bot: 1\n\nJawabanmu tidak sama dengan bot<#>Result...\n\nJawabanmu: 8\nJawaban bot: 2\n\nJawabanmu tidak sama dengan bot<#>Result...\n\nJawabanmu: 8\nJawaban bot: 3\n\nJawabanmu tidak sama dengan bot<#>Result...\n\nJawabanmu: 8\nJawaban bot: 4\n\nJawabanmu tidak sama dengan bot<#>Result...\n\nJawabanmu: 8\nJawaban bot: 5\n\nJawabanmu tidak sama dengan bot<#>Result...\n\nJawabanmu: 8\nJawaban bot: 6\n\nJawabanmu tidak sama dengan bot<#>Result...\n\nJawabanmu: 8\nJawaban bot: 7\n\nJawabanmu tidak sama dengan bot<#>Result...\n\nJawabanmu: 8\nJawaban bot: 8\n\nCongrats!!! Jawabanmu sama dengan bot dan mendapat skor 10<#>Result...\n\nJawabanmu: 8\nJawaban bot: 9\n\nJawabanmu tidak sama dengan bot","random","","","b","","","","","0","","","","","","","","seconds","0","0","","",,,,,,,,,
"!tebakangka 9","none","Result...\n\nJawabanmu: 9\nJawaban bot: 0\n\nJawabanmu tidak sama dengan bot<#>Result...\n\nJawabanmu: 9\nJawaban bot: 1\n\nJawabanmu tidak sama dengan bot<#>Result...\n\nJawabanmu: 9\nJawaban bot: 2\n\nJawabanmu tidak sama dengan bot<#>Result...\n\nJawabanmu: 9\nJawaban bot: 3\n\nJawabanmu tidak sama dengan bot<#>Result...\n\nJawabanmu: 9\nJawaban bot: 4\n\nJawabanmu tidak sama dengan bot<#>Result...\n\nJawabanmu: 9\nJawaban bot: 5\n\nJawabanmu tidak sama dengan bot<#>Result...\n\nJawabanmu: 9\nJawaban bot: 6\n\nJawabanmu tidak sama dengan bot<#>Result...\n\nJawabanmu: 9\nJawaban bot: 7\n\nJawabanmu tidak sama dengan bot<#>Result...\n\nJawabanmu: 9\nJawaban bot: 8\n\nJawabanmu tidak sama dengan bot<#>Result...\n\nJawabanmu: 9\nJawaban bot: 9\n\nCongrats!!! Jawabanmu sama dengan bot dan mendapat skor 10","random","","","b","","","","","0","","","","","","","","seconds","0","0","","",,,,,,,,,
"!suit batu","none","Result...\n\nJawabanmu: batu\nJawaban bot: batu\n\nJawabanmu sama dengan bot<#>Result...\n\nJawabanmu: batu\nJawaban bot: gunting\n\nSelamat kamu menang suit sama bot!<#>Result...\n\nJawabanmu: batu\nJawaban bot: kertas\n\nKamu kalah suit sama bot, hahaha coba lagi","random","","","b","","","","","0","","","","","","","","seconds","0","0","","",,,,,,,,,
"!suit gunting","none","Result...\n\nJawabanmu: gunting\nJawaban bot: batu\n\nKamu kalah suit sama bot, hahaha coba lagi<#>Result...\n\nJawabanmu: gunting\nJawaban bot: gunting\n\nJawabanmu sama dengan bot<#>Result...\n\nJawabanmu: gunting\nJawaban bot: kertas\n\nSelamat kamu menang suit sama bot!","random","","","b","","","","","0","","","","","","","","seconds","0","0","","",,,,,,,,,
"!suit kertas","none","Result...\n\nJawabanmu: kertas\nJawaban bot: batu\n\nSelamat kamu menang suit sama bot!<#>Result...\n\nJawabanmu: kertas\nJawaban bot: gunting\n\nKamu kalah suit sama bot, hahaha coba lagi<#>Result...\n\nJawabanmu: kertas\nJawaban bot: kertas\n\nJawabanmu sama dengan bot","random","","","b","","","","","0","","","","","","","","seconds","0","0","","",,,,,,,,,
"!cekskor","none","Skor kamu: 10\n\nJika skor kamu berkurang itu berarti ada yang mengambilnya\n\nJika skor kamu bertambah itu berarti salah satu teman mu memberikannya<#>Skor kamu: 20\n\nJika skor kamu berkurang itu berarti ada yang mengambilnya\n\nJika skor kamu bertambah itu berarti salah satu teman mu memberikannya<#>Skor kamu: 30\n\nJika skor kamu berkurang itu berarti ada yang mengambilnya\n\nJika skor kamu bertambah itu berarti salah satu teman mu memberikannya<#>Skor kamu: 40\n\nJika skor kamu berkurang itu berarti ada yang mengambilnya\n\nJika skor kamu bertambah itu berarti salah satu teman mu memberikannya<#>Skor kamu: 50\n\nJika skor kamu berkurang itu berarti ada yang mengambilnya\n\nJika skor kamu bertambah itu berarti salah satu teman mu memberikannya<#>Skor kamu: 60\n\nJika skor kamu berkurang itu berarti ada yang mengambilnya\n\nJika skor kamu bertambah itu berarti salah satu teman mu memberikannya<#>Skor kamu: 70\n\nJika skor kamu berkurang itu berarti ada yang mengambilnya\n\nJika skor kamu bertambah itu berarti salah satu teman mu memberikannya<#>Skor kamu: 80\n\nJika skor kamu berkurang itu berarti ada yang mengambilnya\n\nJika skor kamu bertambah itu berarti salah satu teman mu memberikannya<#>Skor kamu: 90\n\nJika skor kamu berkurang itu berarti ada yang mengambilnya\n\nJika skor kamu bertambah itu berarti salah satu teman mu memberikannya<#>Skor kamu: 100\n\nJika skor kamu berkurang itu berarti ada yang mengambilnya\n\nJika skor kamu bertambah itu berarti salah satu teman mu memberikannya<#>Skor kamu: 0\n\nJika skor kamu berkurang itu berarti ada yang mengambilnya\n\nJika skor kamu bertambah itu berarti salah satu teman mu memberikannya","random","","","b","","","","","0","","","","","","","","seconds","0","0","","",,,,,,,,,
"!koin gambar","none","Result...\n\nJawabanmu: gambar\nJawaban bot: uang\n\nHasil: gambar, selamat kamu menang<#>Result...\n\nJawabanmu: gambar\nJawaban bot: uang\n\nHasil: uang, maaf kamu kalah lawan bot<#>Result...\n\nJawabanmu: gambar\nJawaban bot: gambar\n\nHasil: gambar, jawaban kalian sama-sama seri","random","","","b","","","","","0","","","","","","","","seconds","0","0","","",,,,,,,,,
"!koin uang","none","Result...\n\nJawabanmu: uang\nJawaban bot: gambar\n\nHasil: uang, selamat kamu menang!<#>Result... \n\nJawabanmu: uang\nJawaban bot: gambar\n\nHasil: gambar, maaf kamu kalah lawan bot<#>Result... \n\nJawabanmu: uang\nJawaban bot: uang\n\nHasil: uang, jawaban kalian sama-sama seri","random","","","b","","","","","0","","","","","","","","seconds","0","0","","",,,,,,,,,
"!kalkulatorcinta *name*|*name*","similar","Kamu dan pasanganmu memiliki kecocokan 10%<#>Kamu dan pasanganmu memiliki kecocokan 15%<#>Kamu dan pasanganmu memiliki kecocokan 20%<#>Kamu dan pasanganmu memiliki kecocokan 25%<#>Kamu dan pasanganmu memiliki kecocokan 30%<#>Kamu dan pasanganmu memiliki kecocokan 35%<#>Kamu dan pasanganmu memiliki kecocokan 40%<#>Kamu dan pasanganmu memiliki kecocokan 45%<#>Kamu dan pasanganmu memiliki kecocokan 50%<#>Kamu dan pasanganmu memiliki kecocokan 55%<#>Kamu dan pasanganmu memiliki kecocokan 60%<#>Kamu dan pasanganmu memiliki kecocokan 65%<#>Kamu dan pasanganmu memiliki kecocokan 70%<#>Kamu dan pasanganmu memiliki kecocokan 75%<#>Kamu dan pasanganmu memiliki kecocokan 80%<#>Kamu dan pasanganmu memiliki kecocokan 85%<#>Kamu dan pasanganmu memiliki kecocokan 90%<#>Kamu dan pasanganmu memiliki kecocokan 95%<#>Kamu dan pasanganmu memiliki kecocokan 100%","random","","","b","","","","","0","","","","","","","","seconds","0","0","","",,,,,,,,,
"p","none","P p P p cuman ada huruf p ya??<#>P naonnn??<#>Salam lebih baik wkwk<#>P p P p apa bor?","random","","","b","","","","","0","","","","","","","","seconds","0","0","","",,,,,,,,,
"hai","none","Hai juga ^.^<#>Iya ada apa?<#>Iya hallo","all","","","b","","","","","0","","","","","","","","seconds","0","0","","",,,,,,,,,
"assalamualaikum","none","Waalaikumsalam","single","","","b","","","","","0","","","","","","","","seconds","0","0","","",,,,,,,,,
"hallo","none","Iya?<#>Hai!!<#>Iya ada apa?","all","","","b","","","","","0","","","","","","","","seconds","0","0","","",,,,,,,,,
"tc","none","Apa njeng","single","","","b","","","","","0","","","","","","","","seconds","0","0","","",,,,,,,,,
"!jamberapa","none","Sekarang jam %hour_of_day%","single","","","b","","","","","0","","","","","","","","seconds","0","0","","",,,,,,,,,
"!bulanberapa","none","Sekarang bulan %month_name%","single","","","b","","","","","0","","","","","","","","seconds","0","0","","",,,,,,,,,
"!hariapa","none","Sekarang hari %day_of_week%","single","","","b","","","","","0","","","","","","","","seconds","0","0","","",,,,,,,,,
"!kapankah","similar","* -> Pertanyaan: %message%*\n*-> Jawaban: mungkin besok*<#>* -> Pertanyaan: %message%*\n*-> Jawaban: 2 hari lagi*<#>* -> Pertanyaan: %message%*\n*-> Jawaban: 1 Tahun lagi ğŸ¦*<#>* -> Pertanyaan: %message%*\n*-> Jawaban: 2 minggu lagi*<#>* -> Pertanyaan: %message%*\n*-> Jawaban: beberapa jam lagi*<#>* -> Pertanyaan: %message%*\n*-> Jawaban: beberapa menit lagi*<#>* -> Pertanyaan: %message%*\n*-> Jawaban: 1 bulan lagi*","random","","","b","","","","","0","","","","","","","","seconds","0","0","","",,,,,,,,,
"!donasi","none","*ã€Œ DONASI ã€*\n\nBantu donasi agar bot ini berkembang Dan agar Owner bisa beli kuota. Huhu.. ^_^\nSilahkan hubungi owner jika ingin donasi. *Ketik !owner*","single","","","b","","","","","0","","","","","","","","seconds","0","0","","",,,,,,,,,
"!apakah *","normal","*-> Pertanyaan: %message%*\n*-> Jawaban: tentu saja*<#>*-> Pertanyaan: %message%*\n*-> Jawaban: mungkin*<#>*-> Pertanyaan: %message%*\n*-> Jawaban: tidak sama sekali*","random","","","b","","","","","0","","","","","","","","seconds","0","0","","",,,,,,,,,
"!bisakah *","normal","* -> Pertanyaan: %message%*\n*-> Jawaban: mungkin bisa*<#>* -> Pertanyaan: %message%*\n*-> Jawaban: Tidak sama sekai*<#>* -> Pertanyaan: %message%*\n*-> Jawaban: pasti bisa*<#>* -> Pertanyaan: %message%*\n*-> Jawaban: tidak bisa*","random","","","b","","","","","0","","","","","","","","seconds","0","0","","",,,,,,,,,
"y","none","Y","all","","","b","","","","","0","","","","","","","","seconds","0","0","","",,,,,,,,,
"!halalgeng","none","""Dunia ini ibarat bayangan. Kalau kau berusaha menangkapnya, ia akan lari. Tapi kalau kau membelakanginya, ia tak punya pilihan selain mengikutimu."" (Ibnu Qayyim Al Jauziyyah)<#>""Berpikirlah positif, tidak peduli seberapa keras kehidupanmu."" (Ali bin Abi Thalib)<#>""Engkau takkan mampu menyenangkan semua orang. Karena itu, cukup bagimu memperbaiki hubunganmu dengan Allah, dan jangan terlalu peduli dengan penilaian manusia."" (Imam Syafii)<#>""Jangan menjelaskan tentang dirimu kepada siapa pun, karena yang menyukaimu tidak butuh itu. Dan yang membencimu tidak percaya itu."" (Ali bin Abi Thalib)<#>""Untuk mendapatkan apa yang kamu suka, pertama kamu harus sabar dengan apa yang kamu benci."" (Imam Al Ghazali)<#>""Dan ketahuilah, sesungguhnya kemenangan itu beriringan dengan kesabaran. Jalan keluar beriringan dengan kesukaran. Dan sesudah kesulitan pasti akan datang kemudahan."" (HR. Tirmidzi)<#>""Biarlah mereka bersikap bodoh dan menghina, dan tetaplah kita bersikap santun. Gaharu akan semakin wangi ketika disulut api."" (Imam Syafii)<#>â€œDunia ini hanya memiliki tiga hari: Hari kemarin, ia telah pergi bersama dengan semua yang menyertainya. Hari esok, kamu mungkin tak akan pernah menemuinya. Hari ini, itulah yang kamu miliki, maka beramallah di hari ini.â€ (Hasan al Bashri)<#>â€œPekerjaan terberat itu ada tiga: Sikap dermawan di saat dalam keadaan sempit, menjauhi dosa di kala sendiri, berkata benar di hadapan orang yang ditakuti.â€ (Imam Syafii)<#>â€œMemaafkan adalah kemenangan terbaik.â€ (Ali bin Abi Thalib)<#>""Dosaku sangat membebaniku. Tetapi ketika aku mengukurnya dengan rahmat-Mu, Ya Allah, ampunan-Mu lebih besar."" (Imam Syafii)<#>""Jangan berduka, apa pun yang hilang darimu akan kembali lagi dalam wujud lain."" (Jalaludin Rumi)<#>â€œKesabaran merupakan akhlak mulia, yang dengannya setiap orang dapat menghalau segala rintangan.â€ (Imam Syafii)<#>""Balas dendam terbaik adalah menjadikan dirimu lebih baik."" (Ali bin Abi Thalib)<#>""Kesabaran adalah ketika hati tidak merasa marah terhadap apa yang sudah ditakdirkan, dan mulut tidak mengeluh."" (Ibnu Qayyim)<#>â€œJanganlah engkau berduka atas apa yang telah terjadi, karena tidak ada apapun di dunia ini yang abadi.â€. (Imam Syafiâ€™i)<#>""Jika kamu mampu bersabar sebentar pada saat dirimu marah, maka hal itu dapat menghindarkanmu dari ribuan penyesalan di masa yang akan datang."" (Ali bin Abu thalib)<#>""Kedermawanan dan kemuliaan adalah dua hal yang dapat menutupi aib"". (Imam Syafii)<#>â€œKehidupan dunia dan akhirat di hati seorang manusia ibarat dua skala keseimbangan, ketika salah satunya menjadi berat, maka yang lain akan menjadi ringan.â€ (`Amr ibn Abdullah)<#>â€œSebagaimana Tuhanmu telah mencukupkan rezekimu di hari kemarin, maka jangan khawatirkan rezekimu untuk esok hari.â€ (Imam Syafiâ€™i)<#>Pupuslah keputusasaan karena apa yang ada pada diri orang lain. (HR. Ibnu Majah).<#>Ketahuilah bahwa kemenangan bersama kesabaran, kelapangan bersama kesempitan, dan kesulitan bersama kemudahan. (HR. Tirmidzi).<#>Barang siapa yang tidak mensyukuri yang sedikit, maka ia tidak akan mampu mensyukuri sesuatu yang banyak. (HR. Ahmad).<#>Kerjakanlah urusan duniamu seakan-akan kamu hidup selamanya dan laksanakanlah urusan akhiratmu seakan-akan kamu akan mati besok. (HR. Ibnu Asakir).<#>Seandainya anak cucu Adam mempunyai harta sepuluh lembah, tentu dia masih ingin memiliki yang ketiga. Padahal yang mengisi perut anak cucu Adam itu hanyalah tanah. (HR. Muslim).<#>Aku tinggalkan untuk kalian dua perkara. Kalian tidak akan sesat selama berpegangan dengannya, yaitu kitabullah dan sunnah Rasulullah. (HR. Muslim).<#>Bangunlah pagi hari untuk mencari rezeki dan kebutuhan-kebutuhanmu. Sesungguhnya pada pagi hari terdapat barakah dan keberuntungan. (HR. At-Thabrani dan Al-Bazzar).<#>Tidaklah suatu kegalauan, kesedihan, kebimbangan, kekalutan yang menimpa seorang mukmin atau bahkan tertusuk duri sekalipun, melainkan karenanya Allah akan menggugurkan dosa-dosanya. (HR. Bukhari dan Muslim).<#>Dunia adalah perhiasan dan sebaik-baik perhiasan adalah wanita sholihah. (HR. Muslim).","random","","","b","","","","","0","","","","","","","","seconds","0","0","","",,,,,,,,,
"!join","none","â€¢ IZIN DULU PADA OWNER JIKA INGIN MEMASUKAN BOT DALAM GRUP \n http://wa.me//6282211224927","single","","","b","","","","","0","","","","","","","","seconds","0","0","","",,,,,,,,,
"siapa yang paling ganteng?","none","Owner gw ya itu mubdi hasan","single","","","b","","","","","0","","","","","","","","seconds","0","0","","",,,,,,,,,
"g","none","G","single","","","b","","","","","0","","","","","","","","seconds","0","0","","",,,,,,,,,
"tapi boong","none","Hayuuk","single","","","b","","","","","0","","","","","","","","seconds","0","0","","",,,,,,,,,
"astagfirullah","similar","Keep halal","single","","","b","","","","","0","","","","","","","","seconds","0","0","","",,,,,,,,,
"ada yang nanya?","similar","Ga ada hahaha","single","","","b","","","","","0","","","","","","","","seconds","0","0","","",,,,,,,,,
"tes","similar","*_Testing sukses!!!_ bot sedang aktif :) Ketik !menu*","single","","","b","","","","","0","","","","","","","","seconds","0","0","","",,,,,,,,,
"!ayatquran","normal","Ù‚ÙØ§Ù„ÙÙˆØ§ Ø£ÙØ¥ÙÙ†Ù‘ÙÙƒÙ Ù„ÙØ£ÙÙ†Ù’ØªÙ ÙŠÙÙˆØ³ÙÙÙ Ù‚ÙØ§Ù„Ù Ø£ÙÙ†ÙØ§ ÙŠÙÙˆØ³ÙÙÙ ÙˆÙÙ‡ÙØ°ÙØ§ Ø£ÙØ®ÙÙŠ Ù‚ÙØ¯Ù’ Ù…ÙÙ†Ù‘Ù Ø§Ù„Ù„Ù‘ÙÙ‡Ù Ø¹ÙÙ„ÙÙŠÙ’Ù†ÙØ§ Ø¥ÙÙ†Ù‘ÙÙ‡Ù Ù…ÙÙ†Ù’ ÙŠÙØªÙ‘ÙÙ‚Ù ÙˆÙÙŠÙØµÙ’Ø¨ÙØ±Ù’ ÙÙØ¥ÙÙ†Ù‘Ù Ø§Ù„Ù„Ù‘ÙÙ‡Ù Ù„ÙØ§ ÙŠÙØ¶ÙÙŠØ¹Ù Ø£ÙØ¬Ù’Ø±Ù Ø§Ù„Ù’Ù…ÙØ­Ù’Ø³ÙÙ†ÙÙŠÙ†Ù\n\nMereka berkata, â€œApakah engkau benar-benar Yusuf?â€ Dia (Yusuf) menjawab, â€œAku Yusuf dan ini saudaraku. Sungguh, Allah telah melimpahkan karunia-Nya kepada kami. Sesungguhnya barangsiapa bertakwa dan bersabar, maka Sungguh Allah tidak menyia-nyiakan pahala orang-orang yang berbuat kebaikan.â€ â€“ (Q.S Yusuf: 90)<#>ÙˆÙØ§Ù„Ù‘ÙØ°ÙÙŠÙ†Ù ØµÙØ¨ÙØ±ÙÙˆØ§ Ø§Ø¨Ù’ØªÙØºÙØ§Ø¡Ù ÙˆÙØ¬Ù’Ù‡Ù Ø±ÙØ¨Ù‘ÙÙ‡ÙÙ…Ù’ ÙˆÙØ£ÙÙ‚ÙØ§Ù…ÙÙˆØ§ Ø§Ù„ØµÙ‘ÙÙ„ÙØ§Ø©Ù ÙˆÙØ£ÙÙ†Ù’ÙÙÙ‚ÙÙˆØ§ Ù…ÙÙ…Ù‘ÙØ§ Ø±ÙØ²ÙÙ‚Ù’Ù†ÙØ§Ù‡ÙÙ…Ù’ Ø³ÙØ±Ù‘Ù‹Ø§ ÙˆÙØ¹ÙÙ„ÙØ§Ù†ÙÙŠÙØ©Ù‹ ÙˆÙÙŠÙØ¯Ù’Ø±ÙØ¤ÙÙˆÙ†Ù Ø¨ÙØ§Ù„Ù’Ø­ÙØ³ÙÙ†ÙØ©Ù Ø§Ù„Ø³Ù‘ÙÙŠÙ‘ÙØ¦ÙØ©Ù Ø£ÙÙˆÙ„ÙØ¦ÙÙƒÙ Ù„ÙÙ‡ÙÙ…Ù’ Ø¹ÙÙ‚Ù’Ø¨ÙÙ‰ Ø§Ù„Ø¯Ù‘ÙØ§Ø±Ù\n\nDan orang-orang yang bersabar karena mengharap keridhaan Tuhannya, menegakkan shalat, dan menginfakkan sebagian rezeki yang telah Kami berikan kepada mereka, baik secara sembunyi-sembunyi ataupun terang-terangan, serta menolak kejahatan dengan kebaikan. Mereka itulah orang-orang yang mendapat tempat kesudahan (yang baik). â€“ (Q.S Ar-Raâ€™d: 22)<#>Ø³ÙÙ„ÙØ§Ù…ÙŒ Ø¹ÙÙ„ÙÙŠÙ’ÙƒÙÙ…Ù’ Ø¨ÙÙ…ÙØ§ ØµÙØ¨ÙØ±Ù’ØªÙÙ…Ù’ ÙÙÙ†ÙØ¹Ù’Ù…Ù Ø¹ÙÙ‚Ù’Ø¨ÙÙ‰ Ø§Ù„Ø¯Ù‘ÙØ§Ø±Ù\n\n(seraya mengucapkan), â€œSelamat sejahtera atasmu karena kesabaranmu.â€ Maka alangkah nikmatnya tempat kesudahan itu. â€“ (Q.S Ar-Raâ€™d: 24)<#>ÙˆÙØ§Ø³Ù’ØªÙØ¹ÙÙŠÙ†ÙÙˆØ§Â Ø¨ÙØ§Ù„ØµÙ‘ÙØ¨Ù’Ø±Ù ÙˆÙØ§Ù„ØµÙ‘ÙÙ„ÙØ§Ø©Ù ÙˆÙØ¥ÙÙ†Ù‘ÙÙ‡ÙØ§ Ù„ÙÙƒÙØ¨ÙÙŠØ±ÙØ©ÙŒ Ø¥ÙÙ„Ù‘ÙØ§ Ø¹ÙÙ„ÙÙ‰ Ø§Ù„Ù’Ø®ÙØ§Ø´ÙØ¹ÙÙŠÙ†Ù\n\nArtinya: ""Jadikanlah sabar dan shalat sebagai penolongmu. Dan sesungguhnya yang demikian itu amat berat, kecuali bagi orang-orang yang khusyuâ€™."" (Q.S Al-Baqarah: 45).<#>ÙŠÙØ§ Ø£ÙÙŠÙ‘ÙÙ‡ÙØ§ Ø§Ù„Ù‘ÙØ°ÙÙŠÙ†Ù Ø¢Ù…ÙÙ†ÙÙˆØ§ Ø§Ø³Ù’ØªÙØ¹ÙÙŠÙ†ÙÙˆØ§ Ø¨ÙØ§Ù„ØµÙ‘ÙØ¨Ù’Ø±Ù ÙˆÙØ§Ù„ØµÙ‘ÙÙ„ÙØ§Ø©Ù Ø¥ÙÙ†Ù‘Ù Ø§Ù„Ù„Ù‘ÙÙ‡Ù Ù…ÙØ¹Ù Ø§Ù„ØµÙ‘ÙØ§Ø¨ÙØ±ÙÙŠÙ†Ù\n\nArtinya: ""Hai orang-orang yang beriman, jadikanlah sabar dan shalat sebagai penolongmu, sesungguhnya Allah bersama orang-orang yang sabar."" (Q.S Al-Baqarah: 153).<#>Ø¨ÙÙ„ÙÙ‰ Ø¥ÙÙ†Ù’ ØªÙØµÙ’Ø¨ÙØ±ÙÙˆØ§ ÙˆÙØªÙØªÙ‘ÙÙ‚ÙÙˆØ§ ÙˆÙÙŠÙØ£Ù’ØªÙÙˆÙƒÙÙ…Ù’ Ù…ÙÙ†Ù’ ÙÙÙˆÙ’Ø±ÙÙ‡ÙÙ…Ù’ Ù‡ÙØ°ÙØ§ ÙŠÙÙ…Ù’Ø¯ÙØ¯Ù’ÙƒÙÙ…Ù’ Ø±ÙØ¨Ù‘ÙÙƒÙÙ…Ù’ Ø¨ÙØ®ÙÙ…Ù’Ø³ÙØ©Ù Ø¢Ù„ÙØ§ÙÙ Ù…ÙÙ†Ù Ø§Ù„Ù’Ù…ÙÙ„ÙØ§Ø¦ÙÙƒÙØ©Ù Ù…ÙØ³ÙÙˆÙ‘ÙÙ…ÙÙŠÙ†Ù\n\nâ€œYaâ€ (cukup). Jika kamu bersabar dan bertakwa ketika mereka datang menyerang kamu secara tiba-tiba, niscaya Allah akan menolongmu dengan lima ribu malaikat yang memakai tanda. â€“ (Q.S Ali Imran: 125)<#>Ø£ÙÙ…Ù’ Ø­ÙØ³ÙØ¨Ù’ØªÙÙ…Ù’ Ø£ÙÙ†Ù’ ØªÙØ¯Ù’Ø®ÙÙ„ÙÙˆØ§ Ø§Ù„Ù’Ø¬ÙÙ†Ù‘ÙØ©Ù ÙˆÙÙ„ÙÙ…Ù‘ÙØ§ ÙŠÙØ¹Ù’Ù„ÙÙ…Ù Ø§Ù„Ù„Ù‘ÙÙ‡Ù Ø§Ù„Ù‘ÙØ°ÙÙŠÙ†Ù Ø¬ÙØ§Ù‡ÙØ¯ÙÙˆØ§ Ù…ÙÙ†Ù’ÙƒÙÙ…Ù’ ÙˆÙÙŠÙØ¹Ù’Ù„ÙÙ…Ù Ø§Ù„ØµÙ‘ÙØ§Ø¨ÙØ±ÙÙŠÙ†Ù\n\nApakah kamu mengira bahwa kamu akan masuk surga, padahal belum nyata bagi Allah orang-orang yang berjihad dan orang-orang yang bersabar di antara kamu. â€“ (Q.S Ali Imran: 142)<#>ÙˆÙÙƒÙØ£ÙÙŠÙ‘ÙÙ†Ù’ Ù…ÙÙ†Ù’ Ù†ÙØ¨ÙÙŠÙ‘Ù Ù‚ÙØ§ØªÙÙ„Ù Ù…ÙØ¹ÙÙ‡Ù Ø±ÙØ¨Ù‘ÙÙŠÙ‘ÙÙˆÙ†Ù ÙƒÙØ«ÙÙŠØ±ÙŒ ÙÙÙ…ÙØ§ ÙˆÙÙ‡ÙÙ†ÙÙˆØ§ Ù„ÙÙ…ÙØ§ Ø£ÙØµÙØ§Ø¨ÙÙ‡ÙÙ…Ù’ ÙÙÙŠ Ø³ÙØ¨ÙÙŠÙ„Ù Ø§Ù„Ù„Ù‘ÙÙ‡Ù ÙˆÙÙ…ÙØ§ Ø¶ÙØ¹ÙÙÙÙˆØ§ ÙˆÙÙ…ÙØ§ Ø§Ø³Ù’ØªÙÙƒÙØ§Ù†ÙÙˆØ§ ÙˆÙØ§Ù„Ù„Ù‘ÙÙ‡Ù ÙŠÙØ­ÙØ¨Ù‘Ù Ø§Ù„ØµÙ‘ÙØ§Ø¨ÙØ±ÙÙŠÙ†Ù\n\nDan betapa banyak nabi yang berperang didampingi sejumlah besar pengikut(nya) yang bertakwa. Mereka tidak menjadi lemah karena bencana yang menimpa mereka di jalan Allah, juga tidak patah semangat dan tidak pula menyerah (kepada musuh). Dan Allah mencintai orang-orang yang bersabar. â€“ (Q.S Ali Imran: 146)<#>Ù„ÙØªÙØ¨Ù’Ù„ÙÙˆÙÙ†Ù‘Ù ÙÙÙŠ Ø£ÙÙ…Ù’ÙˆÙØ§Ù„ÙÙƒÙÙ…Ù’ ÙˆÙØ£ÙÙ†Ù’ÙÙØ³ÙÙƒÙÙ…Ù’ ÙˆÙÙ„ÙØªÙØ³Ù’Ù…ÙØ¹ÙÙ†Ù‘Ù Ù…ÙÙ†Ù Ø§Ù„Ù‘ÙØ°ÙÙŠÙ†Ù Ø£ÙÙˆØªÙÙˆØ§ Ø§Ù„Ù’ÙƒÙØªÙØ§Ø¨Ù Ù…ÙÙ†Ù’ Ù‚ÙØ¨Ù’Ù„ÙÙƒÙÙ…Ù’ ÙˆÙÙ…ÙÙ†Ù Ø§Ù„Ù‘ÙØ°ÙÙŠÙ†Ù Ø£ÙØ´Ù’Ø±ÙÙƒÙÙˆØ§ Ø£ÙØ°Ù‹Ù‰ ÙƒÙØ«ÙÙŠØ±Ù‹Ø§ ÙˆÙØ¥ÙÙ†Ù’ ØªÙØµÙ’Ø¨ÙØ±ÙÙˆØ§ ÙˆÙØªÙØªÙ‘ÙÙ‚ÙÙˆØ§ ÙÙØ¥ÙÙ†Ù‘Ù Ø°ÙÙ„ÙÙƒÙ Ù…ÙÙ†Ù’ Ø¹ÙØ²Ù’Ù…Ù Ø§Ù„Ù’Ø£ÙÙ…ÙÙˆØ±Ù\n\nKamu pasti akan diuji dengan harta dan dirimu. Dan sungguh kamu pasti akan mendengar banyak hal yang menyakitkan hati dari orang-orang yang diberi Kitab sebelum kamu dan dari orang-orang musyrik. Dan jika kamu bersabar dan bertakwa, maka sesungguhnya yang demikian itu termasuk perkara yang patut diutamakan. â€“ (Q.S Ali Imran: 186)<#>ÙŠÙØ§ Ø£ÙÙŠÙ‘ÙÙ‡ÙØ§ Ø§Ù„Ù‘ÙØ°ÙÙŠÙ†Ù Ø¢Ù…ÙÙ†ÙÙˆØ§ Ø§ØµÙ’Ø¨ÙØ±ÙÙˆØ§ ÙˆÙØµÙØ§Ø¨ÙØ±ÙÙˆØ§ ÙˆÙØ±ÙØ§Ø¨ÙØ·ÙÙˆØ§ ÙˆÙØ§ØªÙ‘ÙÙ‚ÙÙˆØ§ Ø§Ù„Ù„Ù‘ÙÙ‡Ù Ù„ÙØ¹ÙÙ„Ù‘ÙÙƒÙÙ…Ù’ ØªÙÙÙ’Ù„ÙØ­ÙÙˆÙ†Ù\n\nWahai orang-orang yang beriman, Bersabarlah kamu dan kuatkanlah kesabaranmu dan tetaplah bersiap-siaga dan bertakwalah kepada Allah agar kamu beruntung. â€“ (Q.S Ali Imran: 200)<#>Ø§Ù„Ù’Ø¢Ù†Ù Ø®ÙÙÙ‘ÙÙÙ Ø§Ù„Ù„Ù‘ÙÙ‡Ù Ø¹ÙÙ†Ù’ÙƒÙÙ…Ù’ ÙˆÙØ¹ÙÙ„ÙÙ…Ù Ø£ÙÙ†Ù‘Ù ÙÙÙŠÙƒÙÙ…Ù’ Ø¶ÙØ¹Ù’ÙÙ‹Ø§ ÙÙØ¥ÙÙ†Ù’ ÙŠÙÙƒÙÙ†Ù’ Ù…ÙÙ†Ù’ÙƒÙÙ…Ù’ Ù…ÙØ§Ø¦ÙØ©ÙŒ ØµÙØ§Ø¨ÙØ±ÙØ©ÙŒÙŠÙØºÙ’Ù„ÙØ¨ÙÙˆØ§ Ù…ÙØ§Ø¦ÙØªÙÙŠÙ’Ù†Ù ÙˆÙØ¥ÙÙ†Ù’ ÙŠÙÙƒÙÙ†Ù’ Ù…ÙÙ†Ù’ÙƒÙÙ…Ù’ Ø£ÙÙ„Ù’ÙÙŒ ÙŠÙØºÙ’Ù„ÙØ¨ÙÙˆØ§ Ø£ÙÙ„Ù’ÙÙÙŠÙ’Ù†Ù Ø¨ÙØ¥ÙØ°Ù’Ù†Ù Ø§Ù„Ù„Ù‘ÙÙ‡Ù ÙˆÙØ§Ù„Ù„Ù‘ÙÙ‡Ù Ù…ÙØ¹Ù Ø§Ù„ØµÙ‘ÙØ§Ø¨ÙØ±ÙÙŠÙ†Ù\n\nSekarang Allah telah meringankan kamu karena Dia mengetahui bahwa sesungguhnya ada kelemahan padamu. Maka jika di antara kamu ada seratus orang yang bersabar, niscaya mereka mampu mengalahkan dua ratus (orang musuh); dan jika di antara kamu ada seribu orang yang bersabar, niscaya mereka mampu mengalahkan dua ribu orang atas seizin Allah. Dan Allah bersama orang-orang yang bersabar. â€“ (Q.S Al-Anfal: 66)<#>Ø¥ÙÙ„Ù‘ÙØ§ Ø§Ù„Ù‘ÙØ°ÙÙŠÙ†Ù ØµÙØ¨ÙØ±ÙÙˆØ§ ÙˆÙØ¹ÙÙ…ÙÙ„ÙÙˆØ§ Ø§Ù„ØµÙ‘ÙØ§Ù„ÙØ­ÙØ§ØªÙ Ø£ÙÙˆÙ„ÙØ¦ÙÙƒÙ Ù„ÙÙ‡ÙÙ…Ù’ Ù…ÙØºÙ’ÙÙØ±ÙØ©ÙŒ ÙˆÙØ£ÙØ¬Ù’Ø±ÙŒ ÙƒÙØ¨ÙÙŠØ±ÙŒ\n\nKecuali orang-orang yang bersabar dan mengerjakan kebajikan, mereka memperoleh ampunan dan pahala yang besar. â€“ (Q.S Hud: 11)<#>ØªÙÙ„Ù’ÙƒÙ Ù…ÙÙ†Ù’ Ø£ÙÙ†Ù’Ø¨ÙØ§Ø¡Ù Ø§Ù„Ù’ØºÙÙŠÙ’Ø¨Ù Ù†ÙÙˆØ­ÙÙŠÙ‡ÙØ§ Ø¥ÙÙ„ÙÙŠÙ’ÙƒÙ Ù…ÙØ§ ÙƒÙÙ†Ù’ØªÙ ØªÙØ¹Ù’Ù„ÙÙ…ÙÙ‡ÙØ§ Ø£ÙÙ†Ù’ØªÙ ÙˆÙÙ„ÙØ§ Ù‚ÙÙˆÙ’Ù…ÙÙƒÙ Ù…ÙÙ†Ù’ Ù‚ÙØ¨Ù’Ù„Ù Ù‡ÙØ°ÙØ§ ÙÙØ§ØµÙ’Ø¨ÙØ±Ù’ Ø¥ÙÙ†Ù‘Ù Ø§Ù„Ù’Ø¹ÙØ§Ù‚ÙØ¨ÙØ©Ù Ù„ÙÙ„Ù’Ù…ÙØªÙ‘ÙÙ‚ÙÙŠÙ†Ù\n\nItulah sebagian dari berita-berita gaib yang Kami wahyukan kepadamu (Muhammad), tidak pernah engkau mengetahuinya dan tidak (pula) kaummu sebelum ini. Maka bersabarlah, sesungguhnya kesudahan (yang baik) adalah bagi orang-orang yang bertakwa. â€“ (Q.S Hud: 49)<#>ÙˆÙØ§ØµÙ’Ø¨ÙØ±Ù’ ÙÙØ¥ÙÙ†Ù‘Ù Ø§Ù„Ù„Ù‘ÙÙ‡Ù Ù„ÙØ§ ÙŠÙØ¶ÙÙŠØ¹Ù Ø£ÙØ¬Ù’Ø±Ù Ø§Ù„Ù’Ù…ÙØ­Ù’Ø³ÙÙ†ÙÙŠÙ†Ù\n\nDan bersabarlah, karena sesungguhnya Allah tidak menyia-nyiakan pahala orang-orang yang berbuat kebaikan. â€“ (Q.S Hud: 115)<#>Ù…ÙØ§ Ø¹ÙÙ†Ù’Ø¯ÙÙƒÙÙ…Ù’ ÙŠÙÙ†Ù’ÙÙØ¯Ù ÙˆÙÙ…ÙØ§ Ø¹ÙÙ†Ù’Ø¯Ù Ø§Ù„Ù„Ù‘ÙÙ‡Ù Ø¨ÙØ§Ù‚Ù ÙˆÙÙ„ÙÙ†ÙØ¬Ù’Ø²ÙÙŠÙÙ†Ù‘Ù Ø§Ù„Ù‘ÙØ°ÙÙŠÙ†Ù ØµÙØ¨ÙØ±ÙÙˆØ§ Ø£ÙØ¬Ù’Ø±ÙÙ‡ÙÙ…Ù’ Ø¨ÙØ£ÙØ­Ù’Ø³ÙÙ†Ù Ù…ÙØ§ ÙƒÙØ§Ù†ÙÙˆØ§ ÙŠÙØ¹Ù’Ù…ÙÙ„ÙÙˆÙ†Ù\n\nApa yang ada di sisimu akan lenyap, sementara apa yang ada di sisi Allah akan tetap kekal. Dan sungguh Kami akan memberikan balasan kepada orang yang sabar dengan pahala yang lebih baik dari apa yang telah mereka kerjakan. â€“ (Q.S An-Nahl: 96)<#>ÙˆÙØ¥ÙÙ†Ù’ Ø¹ÙØ§Ù‚ÙØ¨Ù’ØªÙÙ…Ù’ ÙÙØ¹ÙØ§Ù‚ÙØ¨ÙÙˆØ§ Ø¨ÙÙ…ÙØ«Ù’Ù„Ù Ù…ÙØ§ Ø¹ÙÙˆÙ‚ÙØ¨Ù’ØªÙÙ…Ù’ Ø¨ÙÙ‡Ù ÙˆÙÙ„ÙØ¦ÙÙ†Ù’ ØµÙØ¨ÙØ±Ù’ØªÙÙ…Ù’ Ù„ÙÙ‡ÙÙˆÙ Ø®ÙÙŠÙ’Ø±ÙŒ Ù„ÙÙ„ØµÙ‘ÙØ§Ø¨ÙØ±ÙÙŠÙ†Ù\n\nDan jika kamu membalas, maka balaslah dengan (balasan) yang serupa dengan siksaan yang ditimpakan kepadamu. Tetapi jika kamu bersabar, sungguh itulah yang lebih baik bagi orang-orang yang bersabar. â€“ (Q.S An-Nahl: 126)<#>ÙˆÙØ§ØµÙ’Ø¨ÙØ±Ù’ ÙˆÙÙ…ÙØ§ ØµÙØ¨Ù’Ø±ÙÙƒÙ Ø¥ÙÙ„Ù‘ÙØ§ Ø¨ÙØ§Ù„Ù„Ù‘ÙÙ‡Ù ÙˆÙÙ„ÙØ§ ØªÙØ­Ù’Ø²ÙÙ†Ù’ Ø¹ÙÙ„ÙÙŠÙ’Ù‡ÙÙ…Ù’ ÙˆÙÙ„ÙØ§ ØªÙÙƒÙ ÙÙÙŠ Ø¶ÙÙŠÙ’Ù‚Ù Ù…ÙÙ…Ù‘ÙØ§ ÙŠÙÙ…Ù’ÙƒÙØ±ÙÙˆÙ†Ù\n\nDan bersabarlah (Muhammad), dan kesabaranmu itu semata-mata atas pertolongan Allah. Dan janganlah engkau bersedih hati terhadap (kekafiran) mereka, dan jangan pula bersempit dada terhadap tipu daya yang mereka rencanakan. â€“ (Q.S An-Nahl: 127)<#>ÙˆÙØ§ØµÙ’Ø¨ÙØ±Ù’ Ù†ÙÙÙ’Ø³ÙÙƒÙ Ù…ÙØ¹Ù Ø§Ù„Ù‘ÙØ°ÙÙŠÙ†Ù ÙŠÙØ¯Ù’Ø¹ÙÙˆÙ†Ù Ø±ÙØ¨Ù‘ÙÙ‡ÙÙ…Ù’ Ø¨ÙØ§Ù„Ù’ØºÙØ¯ÙØ§Ø©Ù ÙˆÙØ§Ù„Ù’Ø¹ÙØ´ÙÙŠÙ‘Ù ÙŠÙØ±ÙÙŠØ¯ÙÙˆÙ†Ù ÙˆÙØ¬Ù’Ù‡ÙÙ‡Ù ÙˆÙÙ„ÙØ§ ØªÙØ¹Ù’Ø¯Ù Ø¹ÙÙŠÙ’Ù†ÙØ§ÙƒÙ Ø¹ÙÙ†Ù’Ù‡ÙÙ…Ù’ ØªÙØ±ÙÙŠØ¯Ù Ø²ÙÙŠÙ†ÙØ©Ù Ø§Ù„Ù’Ø­ÙÙŠÙØ§Ø©Ù Ø§Ù„Ø¯Ù‘ÙÙ†Ù’ÙŠÙØ§ ÙˆÙÙ„ÙØ§ ØªÙØ·ÙØ¹Ù’ Ù…ÙÙ†Ù’ Ø£ÙØºÙ’ÙÙÙ„Ù’Ù†ÙØ§ Ù‚ÙÙ„Ù’Ø¨ÙÙ‡Ù Ø¹ÙÙ†Ù’ Ø°ÙÙƒÙ’Ø±ÙÙ†ÙØ§ ÙˆÙØ§ØªÙ‘ÙØ¨ÙØ¹Ù Ù‡ÙÙˆÙØ§Ù‡Ù ÙˆÙÙƒÙØ§Ù†Ù Ø£ÙÙ…Ù’Ø±ÙÙ‡Ù ÙÙØ±ÙØ·Ù‹Ø§\n\nDan bersabarlah engkau (Muhammad) bersama orang-orang yang menyeru Tuhannya pada pagi dan senja hari dengan mengharap keridhaan-Nya. Dan janganlah kedua matamu berpaling dari mereka karena mengharapkan perhiasan dunia. Dan janganlah engkau mengikuti orang yang hatinya telah Kami lalaikan dari mengingat Kami, serta menuruti keinginannya dan keadaannya sudah melampaui batas. â€“ (Q.S Al-Kahfi: 28)<#>Ø¥ÙÙ†Ù‘ÙÙŠ Ø¬ÙØ²ÙÙŠÙ’ØªÙÙ‡ÙÙ…Ù Ø§Ù„Ù’ÙŠÙÙˆÙ’Ù…Ù Ø¨ÙÙ…ÙØ§ ØµÙØ¨ÙØ±ÙÙˆØ§ Ø£ÙÙ†Ù‘ÙÙ‡ÙÙ…Ù’ Ù‡ÙÙ…Ù Ø§Ù„Ù’ÙÙØ§Ø¦ÙØ²ÙÙˆÙ†Ù\n\nSesungguhnya pada hari ini Aku memberikan balasan kepada mereka karena kesabaran mereka, sesungguhnya mereka itulah orang-orang yang meraih kemenangan. â€“ (Q.S Al-Mukminun: 111)<#>Ø£ÙÙˆÙ„ÙØ¦ÙÙƒÙ ÙŠÙØ¬Ù’Ø²ÙÙˆÙ’Ù†Ù Ø§Ù„Ù’ØºÙØ±Ù’ÙÙØ©Ù Ø¨ÙÙ…ÙØ§ ØµÙØ¨ÙØ±ÙÙˆØ§ ÙˆÙÙŠÙÙ„ÙÙ‚Ù‘ÙÙˆÙ’Ù†Ù ÙÙÙŠÙ‡ÙØ§ ØªÙØ­ÙÙŠÙ‘ÙØ©Ù‹ ÙˆÙØ³ÙÙ„ÙØ§Ù…Ù‹Ø§\n\nMereka akan diberi balasan berupa tempat yang tinggi (dalam surga) atas kesabaran mereka, dan di sana mereka akan disambut dengan penghormatan dan salam. â€“ (Q.S Al-Furqan: 75)","random","","","b","","","","","0","","","","","","","","seconds","0","0","","",,,,,,,,,
"bot","none","???<#>Apa bro? Mending ketik *!menu*<#>Uyy","random","","","b","","","","","0","","","","","","","","seconds","0","0","","",,,,,,,,,
"*","none","Maap kata kunci *%message%* tidak terdaftar \n\nKetik *!menu* agar lebih mudah berinteraksi dengan bot â€¼","single","","","c","","","","","0","","","","","","","","seconds","0","0","","",,,,,,,,,
"!tebaktebakan","normal","Aoajjs<#>3<#>2<#>1<#>Jawabannya: kskks","all","","","c","","","2","2","0","","","","","","","","seconds","0","0","","",,,,,,,,,
"bacot","none","Bacot, iri bilang bos","single","","","b","","","","","0","","","","","","","","seconds","0","0","","",,,,,,,,,
"anjing, ajg, anj, aj*","none","Jaga ucapan!!!<#>Astagfirullah<#>Tobat bro","random","","","b","","","","","0","","","","","","","","seconds","0","0","","",,,,,,,,,
"hahahaha","similar","Hahaha","single","","","b","","","","","0","","","","","","","","seconds","0","0","","",,,,,,,,,
"tolol","none","Kasar brother","single","","","b","","","","","0","","","","","","","","seconds","0","0","","",,,,,,,,,
"bot tolol","none","Kalo bot ini gk guna jangan di pake bro","single","","","b","","","","","0","","","","","","","","seconds","0","0","","",,,,,,,,,
"bot ngentod","none","Kalo bot ini gk guna jangan di pake bro","single","","","b","","","","","0","","","","","","","","seconds","0","0","","",,,,,,,,,
"bot bodoh","none","Kalo bot ini gk guna jangan di pake bro","single","","","b","","","","","0","","","","","","","","seconds","0","0","","",,,,,,,,,
"ğŸ¦","none","ğŸ¦","single","","","b","","","","","0","","","","","","","","seconds","0","0","","",,,,,,,,,
"!pantun","none","Mawar bersemi\n\ndi batang kayu\n\ndo you love me\n\nlike i love you<#>Burung perkutut\n\nburung kuthilang\n\nkamu kentut\n\nenggak bilang bilang<#>Bread is roti\n\nshadow is bayang\n\nbefore you mati\n\nbetter you sembahyang<#>Orang ganteng\n\nsuka sama si Rini\n\ngak seneng\n\nmaju sini<#>Anak tikus rindu ibunya\n\nsombong nich ceritanya<#>Hati siapa tak bimbang\n\nsitu botak minta dikepang<#>Buah semangka\n\nbuah duren\n\nnggak nyangka\n\ngue keren<#>Jambu merah\n\nAda di dinding\n\njangan marah\n\njust kidding<#>Buah semangka\n\nbuah manggis\n\nnggak nyangka\n\ngue manis<#>Dua tiga kacang tanah\n\nenggak ada pacar yang datang ke rumah<#>Dulu delman, sekarang gokar\n\ndulu teman, sekarang pacar<#>Stroberi mangga apel\n\nsorry gak level<#>Bola pingpong dimakan gelatik\n\nBiar ompong yang penting cantik<#>Tunda lapar,\n\nmakan indomi.\n\nhati menggelepar,\n\ncintapun bersemi.<#>Makan semangka,\n\nmakan kedondong.\n\nkalau suka,\n\nnyatain dong.","random","","","b","","","","","0","","","","","","","","seconds","0","0","","",,,,,,,,,
"!infobot","none","Status:\n- Personal chat %reply_count_contacts%\n- Group Chat %reply_count_groups%\n- Todays Chat: %reply_count_day%\n- Total Chat %reply_count_overall%\n\n- Device: Infinix Hot 8\n- Battery: %battery%\n- App Version: %app_version%","all","","","b","","","","","0","","","","","","","","seconds","0","0","","",,,,,,,,,
"anjay","similar","Bragajay","single","","","b","","","","","0","","","","","","","","seconds","0","0","","",,,,,,,,,
"ğŸ¤ voice message*","normal","Ga kedenger bro<#>Ngomong apa bro??<#>Kaga jelas, coba ulangi","random","","","b","","","","","0","","","","","","","","seconds","0","0","","",,,,,,,,,
"!spotifymod","none","Spotify Premium : Listen to new music and play podcasts v8.5.84. 875 (Final) (Mod)\nLink Download : https://apk.seciko.com/spotify-premium-apk/\nFitur MOD :\nâœ“UNLOCKED NEXT TRACK\nâœ“UNLOCKED PREVIOUS TRACK\nâœ“UNLOCKED SEEKING FWD/BWD\nâœ“UNLOCKED/ABLE TO SELECT ANY TRACKS OR ALBUMS\nâœ“UNLOCKED REPEAT ONCE\nâœ“UNLOCKED REPEAT ALL\nâœ“UNLOCKED SHUFFLE MODE\nâœ“[EXCLUSIVE] UNLOCKED VERY HIGH AUDIO STREAMING QUALITY (320KBPS â€“ NOT PLACEBO, PROVEN & TESTED)\nâœ“DISABLED FORCE SHUFFLE\nâœ“UNLOCKED SPOTIFY CONNECT (PREMIUM BYPASS)\nâœ“UNLOCKED WINDOWED TRACKS IN PLAYLIST\nâœ“UNLOCKED ON-DEMAND SHARING\nâœ“UNLOCKED MUSIC VIDEO TOGGLE MODE\nâœ“UNLOCKED CANVAS SHARING\nâœ“UNLOCKED VOICE FEATURE ON SETTINGS (+LANGUAGE SELECTION)\nâœ“UNLOCKED ENCORE TRACKROW\nâœ“UNLOCKED LYRICS SHARING\nâœ“UNLOCKED QUOTE SHARING\nâœ“UNLOCKED STORYLINES\nâœ“UNLOCKED IMAGE MOOD\nâœ“UNLOCKED SINGALONG\nâœ“UNLOCKED SAMSUNG PERSONALIZATION (NEW MOD FEATURE)\nâœ“UNLOCKED FOLLOW FEED (NEW MOD FEATURES)\nâœ“UNLOCKED ANIMATED HEART/LIKE (NEW MOD FEATURE)\nâœ“UNLOCKED EDITORIAL MODE\nâœ“UNLOCKED TRACK CONTEXT SHARING\nâœ“UNLOCKED SHARING IMPLEMENTATIONS\nâœ“UNLOCKED SHARE ROOT [NEW]\nâœ“UNLOCKED SUSHI [NEW]\nâœ“UNLOCKED PODCAST INTERACTIVE Q&A [NEW]\nâœ“UNLOCKED Q&A FEATURE IN NOW PLAYING [NEW]\nâœ“UNLOCKED CANVAS SHARING IN NOW PLAYING [NEW]\nâœ“UNLOCK PODCAST SPEED CONTROL (NEW UI)\nâœ“UNLOCK FULL SCREEN STORIES [NEW]\nâœ“UNLOCK â€œUP NEXTâ€ IN PODCAST (WIP)\nâœ“DISABLED AUDIO ADS\nâœ“DISABLED VIDEO ADS\nâœ“DISABLED VISUAL ADS\nâœ“DISABLED THIRD PARTY ADS\nâœ“FIXED SONGS NOT PLAYING WHEN OPENED FROM EXTERNAL LINK\n**Before asking any questions read this (For artist issue and shuffle)\nNote: Some server-side features [Downloads] require paid subscription.\ncredits â€“ xC3FFF0E, mrdude\n@RishavG\nWeâ€™re always making changes and improvements to Spotify. To make sure you donâ€™t miss a thing, just keep your Updates turned on.","single","","","b","","","","","0","","","","","","","","seconds","0","0","","",,,,,,,,,
"!inshotmod","none","Download Link: https://apk.siciko.com/download-inshot-video-editor/","single","","","b","","","","","0","","","","","","","","seconds","0","0","","",,,,,,,,,
"!jooxmod","none","Download Link: https://apk.siciko.com/download-joox-music-vip-premium/","single","","","b","","","","","0","","","","","","","","seconds","0","0","","",,,,,,,,,
"!picsartmod","none","Download Link: https://apk.siciko.com/picsart-photo-studio-premium/","single","","","b","","","","","0","","","","","","","","seconds","0","0","","",,,,,,,,,
"!unfoldmod","none","Download Link: https://apk.seciko.com/download-unfold-premium-apk/","single","","","b","","","","","0","","","","","","","","seconds","0","0","","",,,,,,,,,
"!vscomod","none","Download Link: https://apk.siciko.com/vsco-fullpack/","single","","","b","","","","","0","","","","","","","","seconds","0","0","","",,,,,,,,,
"!kinemastermod","none","Download Link: https://apk.siciko.com/download-kine-master-video-editor-pro/","single","","","b","","","","","0","","","","","","","","seconds","0","0","","",,,,,,,,,
"!ressomod","none","Resso Premium v1.36.0 (BISA OFFLINE)\n\nLink Download : https://apk.siciko.com/download-resso-premium-mod-apk-gratis/\n\nFitur MOD :\n* Login via Facebook account\n* Removed Ads\n* Unlocked unlimited Skips Songs\n* You can Play any Songs\nDownload option is working\n(You can download any quality)\n* Unfortunately High quality audio streaming","single","","","b","","","","","0","","","","","","","","seconds","0","0","","",,,,,,,,,
"!mojitomod","none","Mojito StoryArt Fullpack Premium v2.20.319\nLink Download : https://apk.siciko.com/storyart-full-pack-premium-gratis-unlocked-all-template/\nFitur MOD\nVIP Unlocked\nNo Watermark","single","","","b","","","","","0","","","","","","","","seconds","0","0","","",,,,,,,,,
"!tiktokmod","none","TikTok Premium v18.9.5 (Beta) (Mod2) (Arm64-v8a)\nLink Download : https://apk.siciko.com/tiktok-premium-mod-apk-no-watermark-ads/\nFitur MOD\nâ˜† Cut out all the splash ads, and the ads that I found (maybe it still climbs somewhere, but I haven't seen it yet)\nâ˜† Made a download without a watermark to the TikTok folder instead of DCIM / Camera\nâ˜† Removed all restrictions on downloads, you can download any video\nâ˜† Removed all other restrictions that I could (I can't list music, etc.)\nâ˜† Cleaned up the application as much as possible, removed duplicate graphics\nâ˜† Optimized graphics\nâ˜† Maximum compression + ZipAlign\nâ˜† Disabled unnecessary activities\nâ˜† Removed restrictions on duets and stitching\nâ˜† Videos are no longer cropped\nâ˜† Unlocked rewind in any video\nâ˜† Fixed crash\nâ˜† Optimization\nâ˜† Google login doesn't work and won't work\n\ncredit tigr1234566\n@Nocna Furia\nTry brand-new creative effects to make your videos stand out.","single","","","b","","","","","0","","","","","","","","seconds","0","0","","",,,,,,,,,
"!whatsappmod","none","- GB Whatsapp mod: https://eztekno.com/wa-eztekno/GBWhatsApp\n- Whatsapp Plus mod: https://eztekno.com/wa-eztekno/WhatsApp-Plus\n- YoWhatsapp mod: https://eztekno.com/wa-eztekno/YOWhatsApp\n\nCOMING SOON!!!","single","","","b","","","","","0","","","","","","","","seconds","0","0","","",,,,,,,,,
"!pixellabmod","none","Download Link: https://www.zonarecipes.com/64U/PixelLab_Pro_X+_V3.apk","single","","","b","","","","","0","","","","","","","","seconds","0","0","","",,,,,,,,,
"*menambahkan anda","none","*Hai para penghuni Grup ğŸ‘‹ğŸ»*\n\n_Terima kasih sudah mengundang *XSKYZY BOT* kedalam Grup, sebelum menggunakan *ketik !s&k* untuk mengetahui cara penggunaan bot. Jangan lupa donasi agar bot ini bertahan lama dan Awet ğŸ˜ƒ_\n\nSekian Terima Kasih...\n\nÂ© XSKYZY BOT BY TAMA","single","","","g","","","","","0","","","","","","","","seconds","0","0","","",,,,,,,,,
"memek","similar","Astagfirullah<#>Jaga omongan bro","random","","","b","","","","","0","","","","","","","","seconds","0","0","","",,,,,,,,,
"*sticker","normal","Waw stiker<#>Wah ada stiker nih, gw ambil ah ğŸ¦","random","","","c","","","","","0","","","","","","","","seconds","0","0","","",,,,,,,,,
"!malingskor @*","normal","Wadaw Dapet 10 skor bro... ğŸ˜³<#>Wadaw Dapet 20 skor bro... ğŸ˜³<#>Wadaw Dapet 30 skor bro... ğŸ˜³<#>Wadaw Dapet 40 skor bro... ğŸ˜³<#>Wadaw Dapet 50 skor bro... ğŸ˜³<#>Wadaw Dapet 60 skor bro... ğŸ˜³<#>Wadaw Dapet 70 skor bro... ğŸ˜³<#>Wadaw Dapet 80 skor bro... ğŸ˜³<#>Wadaw Dapet 90 skor bro... ğŸ˜³<#>Wadaw Dapet 100 skor bro... ğŸ˜³","random","","","g","","","","","0","","","","","","","","seconds","0","0","","",,,,,,,,,
"!giftskor @*","normal","Berhasil gift skor ke temanmu â—â—â—","single","","","g","","","","","0","","","","","","","","seconds","0","0","","",,,,,,,,,
"!suit","none","Pilih Batu, Gunting, atau Kertas!!!\n\n_Contoh: !suit batu_","single","","","b","","","","","0","","","","","","","","seconds","0","0","","",,,,,,,,,
"!tebakangka","none","Pilih angka 1-9!!!!\n\n_Contoh: !tebakangka 4","single","","","b","","","","","0","","","","","","","","seconds","0","0","","",,,,,,,,,
"!koin","none","Pilih uang atau gambar!!!\n\n_Contoh: !koin gambar_","single","","","b","","","","","0","","","","","","","","seconds","0","0","","",,,,,,,,,
"!sticker","normal","Ini cuma bot Autoresponder yang artinya bot ini ga bisa kirim media (stiker, gambar, video, dll)<#>Stiker teroos.... Keyboard lu fungsinya buat apa??<#>Ini bukan bot multimedia","random","","","b","","","","","0","","","","","","","","seconds","0","0","","",,,,,,,,,
"!s","none","Stiker terosss....","single","","","b","","","","","0","","","","","","","","seconds","0","0","","",,,,,,,,,
"!menu, !?, !m","none","Hai %name%ğŸ‘‹ğŸ» Tunggu sebentar!!! Sedang menampilkan menu â³<#>â— DEVELOPER INFO\n    â» Name: Tama :v\n    â» Nomor: wa.me/6282211224927\n    â» Instagram: https://www.instagram.com/mstm.music\n\nâ— BOT INFO\n    â» Name: XSKYZY BOT\n    â» Nomor: wa.me/6285759022133\n    â» Prefix: !\n    â» Type: AutoResponder\n    â» Total Command: 52 Command\n    â» Bot on sejak %minute% menit yang lalu\n    â» Total User: 5180 User Detected\n\nâ°Jam - %hour_of_day% : %minute% : 04 %am/pm% WIB \nğŸ“†Tanggal - %day_of_week%, %day_of_month% %month_name% %year%\n\n*Dapatkan CSV bot ini hanya dengan donasi Sebesar 15k!!! Minat? Ketik !donasi*\n\n*THIS IS FUN BOT!!!*\n*DELAY?? WAIT 5 SECOND FOR RESPONS*\n\nâ” â” â” â” â” MAIN â” â” â” â” â” \nâ”£ â£ !menu\nâ”£ â£ !?\nâ”£ â£ !m\nâ”— â” â” â” â” â” â” â” â” â” â” â” â” \n\nâ” â” â” â” BASIC â” â” â”\nâ”£ â£ !iklan\nâ”£ â£ !s&k\nâ”£ â£ !join [Link Grup]\nâ”£ â£ !owner\nâ”£ â£ !listblock\nâ”£ â£ !listbanned\nâ”£ â£ !donasi\nâ”£ â£ !infobot\nâ”£ â£ !listnobadword\nâ”— â” â” â” â” â” â” â” â” â” â” â” â” \n\nâ” â” â” â” â” GRUP â” â” â” â” â” \nâ”£ â£ !add 628xxx\nâ”£ â£ !kick @user\nâ”£ â£ !antilink On/off\nâ”£ â£ !nobadword On/Off\nâ”£ â£ !afk\nâ”£ â£ !intro\nâ”— â” â” â” â” â” â” â” â” â” â” â” â” \n\nâ” â” â” â” FUN MENU â” â” â”\nâ”£ â£ !tebakangka [0-9]\nâ”£ â£ !suit [Batu/Gunting/Kertas\nâ”£ â£ !koin [Uang/Gambar]\nâ”£ â£ !kalkulatorcinta [kamu|pasangan]\nâ”— â” â” â” â” â” â” â” â” â” â” â” \n\nâ” â” â” â” â” QUOTES â” â” â” â” â” \nâ”£ â£ !pantun\nâ”£ â£ !bucin\nâ”£ â£ !motivasi\nâ”— â” â” â” â” â” â” â” â” â” â” â” â” \n\nâ” â” â” â” â” SKOR â” â” â” â” â” \nâ”£ â£ !cekskor\nâ”£ â£ !malingskor [Tag Temanmu]\nâ”£ â£ !giftskor [Tag] [10-100]\nâ”— â” â” â” â” â” â” â” â” â” â” â” â” \n\nâ” â” â” â” KERANG â” â” â” \nâ”£ â£ !jamberapa\nâ”£ â£ !bulanberapa\nâ”£ â£ !hariapa\nâ”£ â£ !kapan [Teks]\nâ”£ â£ !apakah [Teks]\nâ”£ â£ !bisakah [Teks] \nâ”— â” â” â” â” â” â” â” â” â” â” â” â” \n\nâ” â” â” â” â” ISLAMI â” â” â” â” â” \nâ”£ â£ !halalgeng\nâ”£ â£ !ayatquran\nâ”— â” â” â” â” â” â” â” â” â” â” â” â” \n\nâ” â” â” â” â” APP MOD â” â” â” â” â” \nâ”£ â£ !spotifymod\nâ”£ â£ !inshotmod\nâ”£ â£ !jooxmod\nâ”£ â£ !picsartmod\nâ”£ â£ !unfoldmod\nâ”£ â£ !vscomod\nâ”£ â£ !kinemastermod\nâ”£ â£ !whatsappmod\nâ”£ â£ !ressomod\nâ”£ â£ !tiktokmod\nâ”£ â£ !mojitomod\nâ”£ â£ !pixellabmod\nâ”£ â£ !picsaymod\nâ”£ â£ !flstudiomod [Apk Only]\nâ”£ â£ !flstudiomod2 [Apk+Obb]\nâ”£ â£ !happymod\nâ”— â” â” â” â” â” â” â” â” â” â” â” â” â” â”\n\nâ” â” â” â” â” EDUKASI â” â” â” â” â” \nâ”£ â£ !mitos\nâ”£ â£ !fakta\nâ”£ â£ !apa itu zarah\nâ”£ â£ !apa itu termux\nâ”£ â£ !apa itu teknologi\nâ”£ â£ !negara terkaya\nâ”£ â£ !negara termiskin\nâ”£ â£ !negara terpadat\nâ”£ â£ !negara terkecil\nâ”£ â£ !negara terbesar\nâ”— â” â” â” â” â” â” â” â” â” â” â” â” â” \n\n```NELPON AUTO BLOK```\n```SPAM AUTO BANNED```\n\nâ—‡ THANKS TO â—‡\nâ€¢ ALLAH SWT\nâ€¢ 0Z4N (MENTOR)\nâ€¢ DIMS FVNKY\nâ€¢ HASAN GANS\n\nÂ© XSKYZY BOT BY TAMA","all","2","2","c","","","","","0","","","","","","","","seconds","0","0","","",,,,,,,,,
"!picsaymod","none","Download Link: https://www.carageo.com/s5/picsay-pro-1-8-0-5.apk","single","","","c","","","","","0","","","","","","","","seconds","0","0","","",,,,,,,,,
"!flstudiomod","none","FL STUDIO MOD V.3.5.3\n\nLink: https://apkmody.io/apps/fl-studio-mobile-apk/download/0\n\nDapatkan FL STUDIO MOBILE pro tanpa harus membayar dengan banyak fitur lengkap yang telah terbuka.","single","","","b","","","","","0","","","","","","","","seconds","0","0","","",,,,,,,,,
"!flstudiomod2","none","FL STUDIO MOD PRO V.3.5.3 WITH OBB DATA\n\nâ€¢ Link Apk: https://apkmody.io/apps/fl-studio-mobile-apk/download/0\nâ€¢ Link Obb Data: https://apkmody.io/apps/fl-studio-mobile-apk/download/1\n\nDapatkan FL STUDIO MOBILE PRO tanpa membayar dan full fitur","single","","","b","","","","","0","","","","","","","","seconds","0","0","","",,,,,,,,,
"!fakta","none","Ikan hiu kehilangan gigi lebih dari 6000buah setiap tahun, dan gigi barunya tumbuh dalam waktu 24 jam.<#>Semut dapat mengangkat Beban 50 kali tubuhnya.<#>Mulut menghasilkan 1 liter ludah setiap hari.<#>Mengunyah permen karet saat mengupas Bawang mencegah kita menangis<#>Siput bisa tidur selama 3 tahun<#>Memakai Headphone selama 1 jam dapat mengembangbiakan bakteri dalam kuping 700 kali lebih cepat.<#>Kecoak bisa hidup 9 hari tanpa kepala, dan akan mati karena kelaparan<#>Daya ingat ikan hanya 3 detik<#>Mata burung unta lebih besar dari otaknya<#>Berdiri lama tanpa menekuk lutut sama sekali akan membuat kita pingsan<#>Belanda adalah negara dengan rata-rata laki-laki tertinggi di dunia<#>Sebuah kota di Nigeria memiliki rasio kelahiran anak kembar tertinggiÂ <#>Hewan nasional Skotlandia adalahÂ unicorn<#>Nama Pantai Gading harus disebut dalam bahasa Prancis<#>Sebagian besar bola sepak di dunia diproduksi di PakistanÂ <#>Di Islandia tidak ada nyamuk<#>Permainan ular tangga berasal dari IndiaÂ ","random","","","b","","","","","0","","","","","","","","seconds","0","0","","",,,,,,,,,
"!mitos","none","Saat petir menyerang, anak-anak di Jepang diberitahu untuk menyembunyikan perutnya. Apalagi saat petir itu datang menjelang waktu tidur. Dipercaya bahwa Raijin (dewa petir) akan dapat dan memakan pusar anak saat badai petir.<#>Di Prancis, menginjak kotoran anjing itu punya dua makna. Jika diinjak dengan kaki kiri, maka akan mendatangkan keberuntungan. Namun jika diinjak dengan kaki kanan, maka yang datang adalah kesialan<#>Kalau di India, memotong kuku saja ada aturannya. Memotong kuku di malam hari, khusus di hari Kamis dan Sabtu, dipercaya dapat menghilangkan rezeki.<#>Siapa yang mau coba dompetnya ada di lantai kalau gak jatuh? Begitu juga di Brazil. Meletakkan dompet atau tas di lantai dipercaya akan membawa kesialan. Mungkin maksudnya sial itu bakal ada pencuri yang tertarik untuk mengambil ya.<#>Pelafalan angka empat di Tiongkok sama seperti arti kematian. Karena itu, banyak hotel di Tiongkok yang menghilangkan angka empat pada lift dan nomor kamarnya. Angka empat juga dipercaya sebagai ketidakberuntungan.<#>Kalau ada kaca pecah, harus disimpan sampai tahun baru tiba. Lalu pada saat malam tahun baru, semua pecahan kaca itu harus dilempar si rumah teman atau keluarga. Hal ini dipercaya akan membawa keberuntungan di tahun baru.<#>Jika burung pipit berkicau secara terus menerus di halaman atau sekitar rumah, ini pertanda akan ada tamu datang.\n\nNamun, jika burung pipit bertengger di kanan rumah, maka tamu akan membawa kabar baik.\n\nSebaliknya, jika bertengger di kiri rumah maka tamu yang datang akan membawa kabar buruk.<#>Beberapa orang Jawa percaya jika ada kupu-kupu masuk ke rumah maka rumah tersebut akan kedatangan tamu.<#>Mitos ayam yang berkokok di sore atau malam hari menadakan akan datang wabah penyakit.\n\nSelain itu, konon akan adanya wanita di lingkungan tersebut yang hamil di luar nikah.\n\nDi beberapa daerah, ayam berkokok ini menandakan akan adanya pencurian/perampokan.<#>Orang yang menabrak kucing tetapi membiarkannya dipercaya akan mengalami sial.<#>Mitos Jawa percaya bahwa anak gadis yang duduk di pintu akan susah mendapat jodoh.","random","","","b","","","","","0","","","","","","","","seconds","0","0","","",,,,,,,,,
"!apa itu zarah","none","Partikel subatom atau zarah dalam ilmu fisika adalah partikel yang jauh lebih kecil dari atom. Ada dua jenis partikel subatom, yaitu partikel dasar, yang berdasarkan teori saat ini, adalah partikel yang tidak terdiri atas partikel lain dan partikel komposit.","single","","","b","","","","","0","","","","","","","","seconds","0","0","","",,,,,,,,,
"!apa itu teknologi","none","Teknologi adalah keseluruhan sarana untuk menyediakan barang-barang yang diperlukan bagi kelangsungan dan kenyamanan hidup manusia. Penggunaan teknologi oleh manusia diawali dengan pengubahan sumber daya alam menjadi alat-alat sederhana","single","","","b","","","","","0","","","","","","","","seconds","0","0","","",,,,,,,,,
"!apa itu termux","none","Termux adalah emulator terminal Android dan aplikasi lingkungan Linux yang bekerja langsung tanpa rooting atau pengaturan tertentu. Termux yang juga termasuk lingkungan Linux berbasis Debian yang bisa mendukung perangkat berarsitektur 32-bit dan 64-bit dengan dijalankan pada OS Android versi 5.0 ke atas.","single","","","b","","","","","0","","","","","","","","seconds","0","0","","",,,,,,,,,
"!negara terkaya","none","Qatar menduduki peringkat satu dalam daftarÂ negara terkaya di dunia. PDB atas dasar paritas daya beli (PPP)Â negaraÂ tersebut diketahui mencapai 132.886 dolar AS. Sumber kekayaan mereka adalah dari cadangan minyak, gas, dan petrokimia yang begitu besar.","single","","","b","","","","","0","","","","","","","","seconds","0","0","","",,,,,,,,,
"!negara termiskin","none","Malawi Dinobatkan JadiÂ Negara Termiskin di Dunia\n\nLebih dari setengah penduduk Malawi hidup di bawah garis kemiskinan. Awal tahun ini, Malawi menjadiÂ negara termiskin di dunia.","single","","","b","","","","","0","","","","","","","","seconds","0","0","","",,,,,,,,,
"!negara terpadat","none","NegaraÂ China memang dikenal sebagaiÂ negara terpadat di duniaÂ sejak dulu. Tak main-main, pertumbuhan jumlah penduduknya selalu bertambah hingga menyentuh angka 1,43 miliar jiwa.","single","","","b","","","","","0","","","","","","","","seconds","0","0","","",,,,,,,,,
"!negara terkecil","none","Peringkat pertamaÂ negara terkecil di duniaÂ dipegang oleh Vatikan. Dengan luas 0,44 kilometer persegi, Vatikan merupakanÂ negara terkecil di dunia.","single","","","b","","","","","0","","","","","","","","seconds","0","0","","",,,,,,,,,
"!negara terbesar","none","Rusia merupakanÂ negara terbesar di dunia.Â NegaraÂ ini memiliki total luas wilayah sebesar 17,098,242 km persegi.","single","","","b","","","","","0","","","","","","","","seconds","0","0","","",,,,,,,,,
"!malingskor","none","*Hanya dapat digunakan dalam grup!!!*","single","","","c","","","","","0","","","","","","","","seconds","0","0","","",,,,,,,,,
"!giftskor","none","*Hanya dapat digunakan dalam grup!!!*","single","","","c","","","","","0","","","","","","","","seconds","0","0","","",,,,,,,,,
"!happymod","none","Happymod Versi baru Download Link:  https://www.happymodpro.com/","single","","","b","","","","","0","","","","","","","","seconds","0","0","","",,,,,,,,,
"!bucin","none","Hati memang merasa nyaman dalam memendam, namun otak merasa tak tahan untuk menahan segala beban.","random","","","b","","","","","0","","","","","","","","seconds","0","0","","",,,,,,,,,
"ğŸ¤£*","normal","ğŸ¤£","single","","","b","","","","","0","","","","","","","","seconds","0","0","","",,,,,,,,,
"*ğŸ˜‚","normal","ğŸ˜‚","random","","","b","","","","","0","","","","","","","","seconds","0","0","","",,,,,,,,,
"wkwk*","normal","Wkwkwk<#>Awokaowk<#>Ngakak!","random","","","b","","","","","0","","","","","","","","seconds","0","0","","",,,,,,,,,
"awokawok*","normal","Awokawok<#>HiyaÂ²<#>Menghamdeh","random","","","b","","","","","0","","","","","","","","seconds","0","0","","",,,,,,,,,
"hmm","none","Hemm<#>Hmm","random","","","b","","","","","0","","","","","","","","seconds","0","0","","",,,,,,,,,
"ğŸ—¿","none","ğŸ—¿","single","","","b","","","","","0","","","","","","","","seconds","0","0","","",,,,,,,,,
"ğŸ“„*","normal","Dokumen B0K3p ya om? :V<#>Wadooh dokumen nih... Isinya apa bro??","random","","","b","","","","","0","","","","","","","","seconds","0","0","","",,,,,,,,,
"Kontol","similar","Astagfirullah<#>Tobat brader<#>Jaga ucapan!!!","random","","","b","","","","","0","","","","","","","","seconds","0","0","","",,,,,,,,,
"afk","none","Lah ngelawak, maaf komen ini hanya bisa digunakan dalam grup!","single","","","c","","","","","0","","","","","","","","seconds","0","0","","",,,,,,,,,
"afk","none","Lu afk karna apa? -_- Kasih alasan dong biar ga disangka Ghosting<#>Jan bilang afk doang, kasih alasan bro biar doi ga berharap terus ğŸ—¿","random","","","g","","","","","0","","","","","","","","seconds","0","0","","",,,,,,,,,
"!afk*","normal","*ã€ŒMODE AFKã€*\n\nSssttt! Member laknat sedang AFK, jangan diganggu!\nâ¸ *Alasan*: 'Undefined'\nâ¸ *Sejak*: %day_of_month%/%month% %hour_of_day%:%minute%:02","single","","","g","","","","","0","","","","","","","","seconds","0","0","","",,,,,,,,,
"kuota gratis kemendikbud","similar","Njir Kuota gratis ğŸ—¿ Kalo beneran Bagi gw sini<#>Kuota Gratis bapak kau gratis... Kalo beneran sini bagi gw<#>Halah boong gratis","random","","","b","","","","","0","","","","","","","","seconds","0","0","","",,,,,,,,,
"*https://www.instagram.com/*","normal","Ngapain lu promosi Ig?<#>Lu promosi Ig fungsinya apa?","random","","","b","","","","","0","","","","","","","","seconds","0","0","","",,,,,,,,,
"!add 628*","normal","```'Invite Error!!! Failed to Invite User'```\n  \n*-> Pesan:* %message%\n*-> Status:* Failed to Invite\n\nMaaf, member tidak bisa di add kedalam grup! Mungkin karena masalah privasi atau semacamnya!","single","","","g","","","","","0","","","","","","","","seconds","0","0","","",,,,,,,,,
"!kick @*","normal","```FITUR SEDANG MAINTENANCE!!!```","single","","","g","","","","","0","","","","","","","","seconds","0","0","","",,,,,,,,,
"!intro","none","*MEMBER BARU INTRO BRO*\n\nSalin dan Isi data dibawah, lalu kirim kembali ke sini!!\n\n-> Nama:\n-> Umur:\n-> Jenis Kelamin:\n-> Asal Kota:\n-> Hobby:\n\nÂ© XSKYZY BOT BY TAMA","single","","","g","","","","","0","","","","","","","","seconds","0","0","","",,,,,,,,,
"*MEMBER BARU INTRO BRO*\n\nSalin dan Isi data dibawah, lalu kirim kembali ke sini!!\n\n-> Nama: \n-> Umur: \n-> Jenis Kelamin: \n-> Asal Kota: \n-> Hobby: \n\nÂ© XSKYZY BOT BY TAMA","similar","HAI MEMBER BARUğŸ‘‹ğŸ» \n\nSELAMAT DATA DIRI TELAH DISIMPAN!!! HARAP BACA DESKRIPSI DAN PATUHI RULES YANG BERLAKU YA ğŸ˜Š\n\nÂ© XSKYZY BOT BY TAMA","single","","","g","","","","","0","","","","","","","","seconds","0","0","","",,,,,,,,,
":v","none",":v","single","","","b","","","","","0","","","","","","","","seconds","0","0","","",,,,,,,,,
"buka tautan ini untuk bergabung ke grup whatsapp saya: *//https:/*chat.whatsapp.com/*","normal","ã€Œ *ANJAY LINK GRUP* ã€\n\nGrup: %name%\nPesan: %message%\nSejak: %day_of_month%/%month% %hour_of_day%:%minute%:02\n!izinadmin: No Terdetectod:v\n\nBismillah report:v\nMin ada yg ngirim link grup nihğŸ—¿\nTadi gw liat deskripsi (katanya) dilamrang smhare link grup laen:v\n\nLu kena tag kan min? Kaga dikick?ğŸ¦ITU TOLOL ğŸ—¿ğŸ¤ŒğŸ»\n\nBtw Ini baru *Peringatan*","single","","","g","","","","","0","","","","","","","","seconds","0","0","","",,,,,,,,,
"!izinadmin","none","Izan izin, lawak lu badut dikira gw gatau apa, orang link aja gk adağŸ—¿ğŸ”ª","single","","","g","","","","","0","","","","","","","","seconds","0","0","","",,,,,,,,,
"!izinadmin*//!izinadmin buka tautan ini untuk bergabung ke grup whatsapp saya: *//!izinadmin https:/*chat.whatsapp.com/*","normal","ã€Œ *ANJAY LINK GRUP* ã€\n\nGrup: %name%\nPesan: %message%\nSejak: %day_of_month%/%month% %hour_of_day%:%minute%:02\n!izinadmin: Yes, Terdetectod:v\n\nMoga aja admin gk marah yekan:v\nMin ada yg ngirim link grup nihğŸ—¿\nTadi gw liat deskripsi (katanya) dilamrang smhare link grup laen:v\n\nLu kena tag kan min? Kaga diizinin?ğŸ¦ITU TOLOL ğŸ—¿ğŸ¤ŒğŸ»","single","","","g","","","","","0","","","","","","","","seconds","0","0","","",,,,,,,,,
"!antilink on, !antilink enable, !enable antilink","none","â›” *ANTILINK ON* â›”\n\nSiapapun yang mengirim link grup tanpa sepengetahuan admin akan diberi peringatan atau bahkan di kick!","single","","","g","","","","","0","","","","","","","","seconds","0","0","","",,,,,,,,,
"!clear","none","Wait... Tunggu sebentarâ³<#>Clear All chat berhasil, kini program sudah direset kembaliğŸ—¿","all","5","5","g","","","","","0","","","","","","","","seconds","0","0","","",,,,,,,,,
"!antilink on, !antilink enable, !enable antilink","none","â›” *ANTILINK OFF* â›”\n\nSiapapun yang mengirim link grup walau tanpa sepengetahuan admin tidak akan diberi peringatan atau bahkan di kick :)","single","","","b","","","","","0","","","","","","","","seconds","0","0","","",,,,,,,,,
"f, fuck","none","Jaga ucapan dong!!!<#>Sekolah ga?? Sopan dong!!! Jaga ucapan","random","","","b","","","","","0","","","","","","","","seconds","0","0","","",,,,,,,,,
"!nobadword on","none","Fitur *NO BAD WORD* Berhasil diaktifkan","single","","","g","","","","","0","","","","","","","","seconds","0","0","","",,,,,,,,,
"asw, asu","none","Jaga ucapan!!!<#>Tobat bro<#>Astagfirullah","random","","","b","","","","","0","","","","","","","","seconds","0","0","","",,,,,,,,,
"jancok, jnck","none","Astagfirullah<#>Jaga ucapan dong!!!<#>Tobat broder","random","","","b","","","","","0","","","","","","","","seconds","0","0","","",,,,,,,,,
"!listbadword","none","List badword yang tidak boleh diucapkan:\n\n- Anj*ng\n- Kon*ol\n- as*\n- jan*ok\n- f*ck","single","","","b","","","","","0","","","","","","","","seconds","0","0","","",,,,,,,,,
"!nobadword off","none","Fitur *NO BAD WORD* dinonaktifkan","single","","","g","","","","","0","","","","","","","","seconds","0","0","","",,,,,,,,,
"#menu","none","Bentar bro... Lu ngelawak??<#>Pake !","all","1","1","b","","","","","0","","","","","","","","seconds","0","0","","",,,,,,,,,
"!help","none","Hai pengguna baru ğŸ‘‹ğŸ» Sebelum pakai bot, silahkan daftar terlebih dahulu dengan format *!daftar nama.umur*\n\nContoh: !daftar tama.27","single","","","b","","","","","0","","","","","","","","seconds","0","0","","",,,,,,,,,
"!daftar*","normal","*%message%*\n\nNP: 9573285486\n\nTerimakasih telah mendaftar... Silahkan ketik !menu untuk melihat daftar menu<#>*%message%*\n\nNP: 2538485367\n\nTerimakasih telah mendaftar... Silahkan ketik !menu untuk melihat daftar menu<#>*%message%*\n\nNP: 6853646864\n\nTerimakasih telah mendaftar... Silahkan ketik !menu untuk melihat daftar menu<#>*%message%*\n\nNP: 7427964675\n\nTerimakasih telah mendaftar... Silahkan ketik !menu untuk melihat daftar menu<#>*%message%*\n\nNP: 5863785368\n\nTerimakasih telah mendaftar... Silahkan ketik !menu untuk melihat daftar menu<#>*%message%*\n\nNP: 3684368653\n\nTerimakasih telah mendaftar... Silahkan ketik !menu untuk melihat daftar menu<#>*%message%*\n\nNP: 5852785577\n\nTerimakasih telah mendaftar... Silahkan ketik !menu untuk melihat daftar menu<#>*%message%*\n\nNP: 4852785673\n\nTerimakasih telah mendaftar... Silahkan ketik !menu untuk melihat daftar menu<#>*%message%*\n\nNP: 7585369643\n\nTerimakasih telah mendaftar... Silahkan ketik !menu untuk melihat daftar menu","random","","","b","","","","","0","","","","","","","","seconds","0","0","","",,,,,,,,,
